groupId,classification,canonicalAuthorId,authorId,name,slug,normalizedName,slugBase,bookCount,isPublished,isFeatured,isArchived,hasPhoto,hasBiography,conflicts
author-duplicate-001,LIKELY_DUPLICATE,be762ecc-3a56-4465-a5f3-652f2f3c2948,be762ecc-3a56-4465-a5f3-652f2f3c2948,Alejandro González García,alejandro-gonzalez-garcia,alejandro gonzalez garcia,alejandro-gonzalez-garcia,1,true,false,false,true,false,photoUrl
author-duplicate-001,LIKELY_DUPLICATE,be762ecc-3a56-4465-a5f3-652f2f3c2948,8cc22564-0351-408e-a140-73784e3d8132,Alejandro González García,alejandro-gonzalez-garcia-2,alejandro gonzalez garcia,alejandro-gonzalez-garcia,1,true,false,false,true,false,photoUrl
author-duplicate-002,HIGH_CONFIDENCE_DUPLICATE,40e7551d-0507-4900-93dc-4fe8246f0631,40e7551d-0507-4900-93dc-4fe8246f0631,Alfredo Manrique Bravo,alfredo-manrique-bravo,alfredo manrique bravo,alfredo-manrique-bravo,1,true,false,false,true,false,
author-duplicate-002,HIGH_CONFIDENCE_DUPLICATE,40e7551d-0507-4900-93dc-4fe8246f0631,2afe4f99-fb57-4e42-b955-beda631c589c,Alfredo Manrique Bravo,alfredo-manrique-bravo-2,alfredo manrique bravo,alfredo-manrique-bravo,0,true,false,false,false,true,
author-duplicate-003,LIKELY_DUPLICATE,20e726be-e3e9-4e3f-a4a3-91d1ae0e23ef,20e726be-e3e9-4e3f-a4a3-91d1ae0e23ef,Alonso Cruz León,alonso-cruz-leon,alonso cruz leon,alonso-cruz-leon,1,true,false,false,true,false,photoUrl
author-duplicate-003,LIKELY_DUPLICATE,20e726be-e3e9-4e3f-a4a3-91d1ae0e23ef,3e635624-60bf-42ef-8ec8-f836d910a217,Alonso Cruz León,alonso-cruz-leon-2,alonso cruz leon,alonso-cruz-leon,1,true,false,false,true,false,photoUrl
author-duplicate-003,LIKELY_DUPLICATE,20e726be-e3e9-4e3f-a4a3-91d1ae0e23ef,d77c0c68-3c5c-4b4f-8dd5-ec8b0ff8ee6b,Alonso Cruz León,alonso-cruz-leon-3,alonso cruz leon,alonso-cruz-leon,1,true,false,false,true,false,photoUrl
author-duplicate-004,LIKELY_DUPLICATE,ddc02801-7185-4902-a353-304247dfe612,ddc02801-7185-4902-a353-304247dfe612,Ana Córdoba del Campo,ana-cordoba-del-campo,ana cordoba del campo,ana-cordoba-del-campo,1,true,false,false,true,false,photoUrl
author-duplicate-004,LIKELY_DUPLICATE,ddc02801-7185-4902-a353-304247dfe612,10c300bc-c089-43c6-ab8d-b9a605d03112,Ana Córdoba del Campo,ana-cordoba-del-campo-2,ana cordoba del campo,ana-cordoba-del-campo,1,true,false,false,true,false,photoUrl
author-duplicate-005,LIKELY_DUPLICATE,588e277a-5ec3-4e3e-8223-2fc85bb7a760,588e277a-5ec3-4e3e-8223-2fc85bb7a760,Ángel García García-Muñoz (BÜRU),angel-garcia-garcia-munoz-buru,angel garcia garcia munoz buru,angel-garcia-garcia-munoz-buru,1,true,false,false,true,false,photoUrl
author-duplicate-005,LIKELY_DUPLICATE,588e277a-5ec3-4e3e-8223-2fc85bb7a760,2c78a9d3-afb1-4be5-b267-440f785a8b3a,Ángel García  García-Muñoz  (Büru),angel-garcia-garcia-munoz-buru-2,angel garcia garcia munoz buru,angel-garcia-garcia-munoz-buru,1,true,false,false,true,false,photoUrl
author-duplicate-006,HIGH_CONFIDENCE_DUPLICATE,54a7bd3c-b01a-426a-8520-d92407084306,54a7bd3c-b01a-426a-8520-d92407084306,Antonio L.  Gómez Charlín,antonio-l-gomez-charlin,antonio l gomez charlin,antonio-l-gomez-charlin,1,true,false,false,true,false,
author-duplicate-006,HIGH_CONFIDENCE_DUPLICATE,54a7bd3c-b01a-426a-8520-d92407084306,8c0b7900-6f88-4e43-9867-b7df101136f1,Antonio L. Gómez Charlín,antonio-l-gomez-charlin-2,antonio l gomez charlin,antonio-l-gomez-charlin,0,true,false,false,false,true,
author-duplicate-007,LIKELY_DUPLICATE,1ae9b8a0-bcea-476d-98b5-864165874efe,1ae9b8a0-bcea-476d-98b5-864165874efe,Antonio López Hurtado Zárate,antonio-lopez-hurtado-zarate,antonio lopez hurtado zarate,antonio-lopez-hurtado-zarate,1,true,false,false,true,false,photoUrl
author-duplicate-007,LIKELY_DUPLICATE,1ae9b8a0-bcea-476d-98b5-864165874efe,a6b000b5-007f-4ea7-a7a3-7df42235cb7a,"Antonio López Hurtado ""Zárate""",antonio-lopez-hurtado-zarate-2,antonio lopez hurtado zarate,antonio-lopez-hurtado-zarate,1,true,false,false,true,false,photoUrl
author-duplicate-007,LIKELY_DUPLICATE,1ae9b8a0-bcea-476d-98b5-864165874efe,41be7a29-44d6-4f30-9508-4367a489f8e7,Antonio López Hurtado (Zárate),antonio-lopez-hurtado-zarate-3,antonio lopez hurtado zarate,antonio-lopez-hurtado-zarate,1,true,false,false,true,false,photoUrl
author-duplicate-007,LIKELY_DUPLICATE,1ae9b8a0-bcea-476d-98b5-864165874efe,c5f9058f-c3d6-48a4-ba52-b62e30fbcc07,Antonio López Hurtado (Zárate),antonio-lopez-hurtado-zarate-4,antonio lopez hurtado zarate,antonio-lopez-hurtado-zarate,0,true,false,false,false,true,photoUrl
author-duplicate-008,LIKELY_DUPLICATE,5cc4fcee-932a-4d79-976d-bb48dd2d2228,5cc4fcee-932a-4d79-976d-bb48dd2d2228,Antonio Valdeavero Ponce,antonio-valdeavero-ponce,antonio valdeavero ponce,antonio-valdeavero-ponce,1,true,false,false,true,false,photoUrl
author-duplicate-008,LIKELY_DUPLICATE,5cc4fcee-932a-4d79-976d-bb48dd2d2228,70453231-8ea8-41c8-8560-69e26d2c81ba,Antonio Valdeavero Ponce,antonio-valdeavero-ponce-2,antonio valdeavero ponce,antonio-valdeavero-ponce,1,true,false,false,true,false,photoUrl
author-duplicate-009,LIKELY_DUPLICATE,a87b9700-5ec6-45e4-bf2b-b8aa2328e118,a87b9700-5ec6-45e4-bf2b-b8aa2328e118,Carlos José Olmedo Batista,carlos-jose-olmedo-batista,carlos jose olmedo batista,carlos-jose-olmedo-batista,1,true,false,false,true,false,photoUrl
author-duplicate-009,LIKELY_DUPLICATE,a87b9700-5ec6-45e4-bf2b-b8aa2328e118,6f1f69a3-1534-41fa-83ba-8ded83e9be3c,Carlos José Olmedo Batista,carlos-jose-olmedo-batista-2,carlos jose olmedo batista,carlos-jose-olmedo-batista,1,true,false,false,true,false,photoUrl
author-duplicate-010,LIKELY_DUPLICATE,e132c0b1-5a6e-4d1f-b0c1-2aba31005e49,e132c0b1-5a6e-4d1f-b0c1-2aba31005e49,Diego Gómez-Costa,diego-gomez-costa,diego gomez costa,diego-gomez-costa,1,true,false,false,true,false,photoUrl
author-duplicate-010,LIKELY_DUPLICATE,e132c0b1-5a6e-4d1f-b0c1-2aba31005e49,72ef42d9-6289-43c4-8daf-46905820f074,Diego Gómez-Costa,diego-gomez-costa-2,diego gomez costa,diego-gomez-costa,1,true,false,false,true,false,photoUrl
author-duplicate-010,LIKELY_DUPLICATE,e132c0b1-5a6e-4d1f-b0c1-2aba31005e49,4e026da7-f7c6-442c-b657-9b270a702cee,Diego Gómez-Costa,diego-gomez-costa-3,diego gomez costa,diego-gomez-costa,1,true,false,false,true,false,photoUrl
author-duplicate-010,LIKELY_DUPLICATE,e132c0b1-5a6e-4d1f-b0c1-2aba31005e49,d5400984-fb1b-4b86-9613-937444cf02a0,Diego Gómez-Costa,diego-gomez-costa-4,diego gomez costa,diego-gomez-costa,0,true,false,false,true,true,photoUrl
author-duplicate-011,LIKELY_DUPLICATE,9e55c5da-3e70-4660-981a-2d13d09f526d,9e55c5da-3e70-4660-981a-2d13d09f526d,ELGA REÁTEGUI,elga-reategui,elga reategui,elga-reategui,1,true,false,false,true,false,photoUrl
author-duplicate-011,LIKELY_DUPLICATE,9e55c5da-3e70-4660-981a-2d13d09f526d,27d2a262-938a-4e74-a751-deb81d4c490e,Elga Reátegui,elga-reategui-2,elga reategui,elga-reategui,1,true,false,false,true,false,photoUrl
author-duplicate-012,LIKELY_DUPLICATE,2a28f79f-5610-4876-be14-81eccb1fa5c7,2a28f79f-5610-4876-be14-81eccb1fa5c7,Francisco Marín Vargas,francisco-marin-vargas,francisco marin vargas,francisco-marin-vargas,1,true,false,false,true,false,photoUrl
author-duplicate-012,LIKELY_DUPLICATE,2a28f79f-5610-4876-be14-81eccb1fa5c7,b98b786c-6a77-40e5-85ff-3ce4f0efc42a,Francisco Marín Vargas,francisco-marin-vargas-2,francisco marin vargas,francisco-marin-vargas,1,true,false,false,true,false,photoUrl
author-duplicate-012,LIKELY_DUPLICATE,2a28f79f-5610-4876-be14-81eccb1fa5c7,22391a10-129e-4e5a-ae2f-c02c2dbc213b,Francisco Marín Vargas,francisco-marin-vargas-3,francisco marin vargas,francisco-marin-vargas,1,true,false,false,true,false,photoUrl
author-duplicate-012,LIKELY_DUPLICATE,2a28f79f-5610-4876-be14-81eccb1fa5c7,d1c2428e-1e82-402c-be0b-1b6ffd7a8645,Francisco Marín Vargas,francisco-marin-vargas-4,francisco marin vargas,francisco-marin-vargas,1,true,false,false,true,false,photoUrl
author-duplicate-012,LIKELY_DUPLICATE,2a28f79f-5610-4876-be14-81eccb1fa5c7,3952fad3-4cea-4cf4-b41a-d098e1bd590b,Francisco Marín Vargas,francisco-marin-vargas-5,francisco marin vargas,francisco-marin-vargas,1,true,false,false,true,false,photoUrl
author-duplicate-012,LIKELY_DUPLICATE,2a28f79f-5610-4876-be14-81eccb1fa5c7,4d820dff-f595-49e6-a06f-e847f9c6041f,Francisco Marín Vargas,francisco-marin-vargas-6,francisco marin vargas,francisco-marin-vargas,1,true,false,false,true,false,photoUrl
author-duplicate-013,LIKELY_DUPLICATE,e04b8ed7-627a-4460-967f-24ad36765075,e04b8ed7-627a-4460-967f-24ad36765075,GASPAR T. JIMENO DIESTRO,gaspar-t-jimeno-diestro,gaspar t jimeno diestro,gaspar-t-jimeno-diestro,1,true,false,false,true,false,photoUrl
author-duplicate-013,LIKELY_DUPLICATE,e04b8ed7-627a-4460-967f-24ad36765075,3c1ed264-0158-47a0-be49-ca0cd423fc0b,Gaspar T. Jimeno Diestro,gaspar-t-jimeno-diestro-2,gaspar t jimeno diestro,gaspar-t-jimeno-diestro,0,true,false,false,true,true,photoUrl
author-duplicate-014,LIKELY_DUPLICATE,86d71b66-740f-4712-b87e-7a61e05acc38,86d71b66-740f-4712-b87e-7a61e05acc38,Guillermo M. Schrem,guillermo-m-schrem,guillermo m schrem,guillermo-m-schrem,1,true,false,false,false,false,photoUrl|biography
author-duplicate-014,LIKELY_DUPLICATE,86d71b66-740f-4712-b87e-7a61e05acc38,d78841ec-5181-444a-950a-a9d78cf63d85,Guillermo M. Schrem,guillermo-m-schrem-2,guillermo m schrem,guillermo-m-schrem,1,true,false,false,true,false,photoUrl|biography
author-duplicate-014,LIKELY_DUPLICATE,86d71b66-740f-4712-b87e-7a61e05acc38,84fbe027-ccd1-431e-9fa9-2d2abc255f3d,Guillermo M. Schrem,guillermo-m-schrem-3,guillermo m schrem,guillermo-m-schrem,1,true,false,false,true,false,photoUrl|biography
author-duplicate-014,LIKELY_DUPLICATE,86d71b66-740f-4712-b87e-7a61e05acc38,14430727-5eaa-4f37-beec-e7eaa4bd3687,Guillermo M. Schrem,guillermo-m-schrem-4,guillermo m schrem,guillermo-m-schrem,1,true,false,false,true,false,photoUrl|biography
author-duplicate-014,LIKELY_DUPLICATE,86d71b66-740f-4712-b87e-7a61e05acc38,30216d1f-08bb-4fd9-a285-36d3e87e891a,Guillermo M. Schrem,guillermo-m-schrem-5,guillermo m schrem,guillermo-m-schrem,1,true,false,false,true,false,photoUrl|biography
author-duplicate-014,LIKELY_DUPLICATE,86d71b66-740f-4712-b87e-7a61e05acc38,2a6813aa-baf8-492b-b18c-83e49c18eb64,Guillermo M. Schrem,guillermo-m-schrem-6,guillermo m schrem,guillermo-m-schrem,1,true,false,false,true,false,photoUrl|biography
author-duplicate-014,LIKELY_DUPLICATE,86d71b66-740f-4712-b87e-7a61e05acc38,ffbf5717-ff63-456a-930a-61c80ff84ec7,Guillermo M. Schrem,guillermo-m-schrem-7,guillermo m schrem,guillermo-m-schrem,0,true,false,false,true,true,photoUrl|biography
author-duplicate-014,LIKELY_DUPLICATE,86d71b66-740f-4712-b87e-7a61e05acc38,7c99f6ff-4bd9-431c-9ab0-0b081d165a8e,Guillermo M. Schrem,guillermo-m-schrem-8,guillermo m schrem,guillermo-m-schrem,0,true,false,false,false,true,photoUrl|biography
author-duplicate-014,LIKELY_DUPLICATE,86d71b66-740f-4712-b87e-7a61e05acc38,ba02d2c3-2cc2-4f81-97aa-36b0e977cb20,Guillermo M. Schrem,guillermo-m-schrem-9,guillermo m schrem,guillermo-m-schrem,0,true,false,false,true,true,photoUrl|biography
author-duplicate-015,LIKELY_DUPLICATE,5c3852a7-6573-4db4-8305-f4857e0f4637,5c3852a7-6573-4db4-8305-f4857e0f4637,Guillermo Martínez Schrem,guillermo-martinez-schrem,guillermo martinez schrem,guillermo-martinez-schrem,1,true,false,false,true,false,photoUrl
author-duplicate-015,LIKELY_DUPLICATE,5c3852a7-6573-4db4-8305-f4857e0f4637,722e3bbb-b84e-41d2-9ed9-bd3504045c04,Guillermo Martínez Schrem,guillermo-martinez-schrem-2,guillermo martinez schrem,guillermo-martinez-schrem,1,true,false,false,true,false,photoUrl
author-duplicate-015,LIKELY_DUPLICATE,5c3852a7-6573-4db4-8305-f4857e0f4637,438c96f0-1096-4403-8dae-2ac45fefba54,Guillermo Martínez Schrem,guillermo-martinez-schrem-3,guillermo martinez schrem,guillermo-martinez-schrem,1,true,false,false,true,false,photoUrl
author-duplicate-016,LIKELY_DUPLICATE,569edd2b-c4d2-40a9-b812-a0fd0f9598e2,569edd2b-c4d2-40a9-b812-a0fd0f9598e2,Ignacio Luis de Orduña Puebla,ignacio-luis-de-orduna-puebla,ignacio luis de orduna puebla,ignacio-luis-de-orduna-puebla,1,true,false,false,true,false,photoUrl
author-duplicate-016,LIKELY_DUPLICATE,569edd2b-c4d2-40a9-b812-a0fd0f9598e2,fe3d31c4-3593-4040-ab04-ee8abbcee288,Ignacio Luis de Orduña Puebla,ignacio-luis-de-orduna-puebla-2,ignacio luis de orduna puebla,ignacio-luis-de-orduna-puebla,1,true,false,false,true,false,photoUrl
author-duplicate-017,LIKELY_DUPLICATE,c790d190-b896-4275-89be-89d7f55ff989,c790d190-b896-4275-89be-89d7f55ff989,José Antonio Galante Pérez,jose-antonio-galante-perez,jose antonio galante perez,jose-antonio-galante-perez,1,true,false,false,true,false,photoUrl
author-duplicate-017,LIKELY_DUPLICATE,c790d190-b896-4275-89be-89d7f55ff989,45e07b93-cecb-41ff-b87f-e40f7724770e,Jose Antonio Galante Pérez,jose-antonio-galante-perez-2,jose antonio galante perez,jose-antonio-galante-perez,1,true,false,false,true,false,photoUrl
author-duplicate-017,LIKELY_DUPLICATE,c790d190-b896-4275-89be-89d7f55ff989,d3f34b1f-fef0-46ab-934d-3d1d7535cf89,José Antonio Galante Pérez,jose-antonio-galante-perez-3,jose antonio galante perez,jose-antonio-galante-perez,1,true,false,false,true,false,photoUrl
author-duplicate-017,LIKELY_DUPLICATE,c790d190-b896-4275-89be-89d7f55ff989,5ecffe2a-e1ac-4090-a650-7d421aa1ad9f,José Antonio Galante Pérez,jose-antonio-galante-perez-4,jose antonio galante perez,jose-antonio-galante-perez,0,true,false,false,false,true,photoUrl
author-duplicate-018,MANUAL_REVIEW,404c547b-3bbf-467b-88d3-de6ed2abef9f,404c547b-3bbf-467b-88d3-de6ed2abef9f,José Vte. Carmona Simarro,jose-vte-carmona-simarro,jose vte carmona simarro,jose-vte-carmona-simarro,1,true,false,false,true,false,photoUrl|biography
author-duplicate-018,MANUAL_REVIEW,404c547b-3bbf-467b-88d3-de6ed2abef9f,3d548b55-cc98-4891-8d04-4597cca2afa9,José Vte. Carmona Simarro,jose-vte-carmona-simarro-2,jose vte carmona simarro,jose-vte-carmona-simarro,1,true,false,false,true,false,photoUrl|biography
author-duplicate-018,MANUAL_REVIEW,404c547b-3bbf-467b-88d3-de6ed2abef9f,432d5ffa-5755-45bf-8b38-fbd0a5cd9535,José Vte. Carmona Simarro,jose-vte-carmona-simarro-3,jose vte carmona simarro,jose-vte-carmona-simarro,0,true,false,false,true,true,photoUrl|biography
author-duplicate-018,MANUAL_REVIEW,404c547b-3bbf-467b-88d3-de6ed2abef9f,99deb473-177c-463d-8a52-bde8f1482651,José Vte. Carmona Simarro,jose-vte-carmona-simarro-4,jose vte carmona simarro,jose-vte-carmona-simarro,0,true,false,false,false,true,photoUrl|biography
author-duplicate-018,MANUAL_REVIEW,404c547b-3bbf-467b-88d3-de6ed2abef9f,c321aa38-cc93-4fe8-a1d8-5866afb00259,José Vte. Carmona Simarro,jose-vte-carmona-simarro-editorial-la-rueca,jose vte carmona simarro,jose-vte-carmona-simarro-editorial-la-rueca,1,true,false,false,true,false,photoUrl|biography
author-duplicate-019,LIKELY_DUPLICATE,b288ae48-97cb-4c38-8728-f48a4c502348,b288ae48-97cb-4c38-8728-f48a4c502348,Juan Antonio Valero Casado,juan-antonio-valero-casado,juan antonio valero casado,juan-antonio-valero-casado,1,true,false,false,true,false,photoUrl
author-duplicate-019,LIKELY_DUPLICATE,b288ae48-97cb-4c38-8728-f48a4c502348,bac73ba8-e804-4295-b5e5-c8466820d75d,Juan Antonio Valero Casado,juan-antonio-valero-casado-2,juan antonio valero casado,juan-antonio-valero-casado,1,true,false,false,true,false,photoUrl
author-duplicate-020,LIKELY_DUPLICATE,b90554ef-761a-4260-9b74-9db0b5732b37,b90554ef-761a-4260-9b74-9db0b5732b37,Juan José Velasco Sánchez-Mayoral,juan-jose-velasco-sanchez-mayoral,juan jose velasco sanchez mayoral,juan-jose-velasco-sanchez-mayoral,1,true,false,false,true,false,photoUrl
author-duplicate-020,LIKELY_DUPLICATE,b90554ef-761a-4260-9b74-9db0b5732b37,da5f6bf3-9efc-49bf-a9ac-6c58d64cdb36,Juan José Velasco Sánchez-Mayoral,juan-jose-velasco-sanchez-mayoral-2,juan jose velasco sanchez mayoral,juan-jose-velasco-sanchez-mayoral,1,true,false,false,true,false,photoUrl
author-duplicate-020,LIKELY_DUPLICATE,b90554ef-761a-4260-9b74-9db0b5732b37,1d59a6bf-bc45-4fb1-ab5c-beaea7cf988d,Juan José Velasco Sánchez-Mayoral,juan-jose-velasco-sanchez-mayoral-3,juan jose velasco sanchez mayoral,juan-jose-velasco-sanchez-mayoral,1,true,false,false,true,false,photoUrl
author-duplicate-021,LIKELY_DUPLICATE,62b500f9-08aa-45b2-985c-8b092d09550e,62b500f9-08aa-45b2-985c-8b092d09550e,Julio Sánchez Alonso,julio-sanchez-alonso,julio sanchez alonso,julio-sanchez-alonso,1,true,false,false,true,false,photoUrl
author-duplicate-021,LIKELY_DUPLICATE,62b500f9-08aa-45b2-985c-8b092d09550e,7cdf6c07-7c2a-4456-ac08-8b4d2adae7c8,Julio Sánchez Alonso,julio-sanchez-alonso-2,julio sanchez alonso,julio-sanchez-alonso,1,true,false,false,true,false,photoUrl
author-duplicate-022,LIKELY_DUPLICATE,61e2db84-f413-47d7-b8cd-83d2a6d802f6,61e2db84-f413-47d7-b8cd-83d2a6d802f6,Manuel Gómez-Rosas,manuel-gomez-rosas,manuel gomez rosas,manuel-gomez-rosas,1,true,false,false,true,false,photoUrl
author-duplicate-022,LIKELY_DUPLICATE,61e2db84-f413-47d7-b8cd-83d2a6d802f6,32c427dc-b943-4ecc-87c8-60b2645b252c,Manuel Gómez Rosas,manuel-gomez-rosas-2,manuel gomez rosas,manuel-gomez-rosas,1,true,false,false,true,false,photoUrl
author-duplicate-022,LIKELY_DUPLICATE,61e2db84-f413-47d7-b8cd-83d2a6d802f6,df56ed12-1b7b-4bb5-9c89-f2a9b4bacd02,Manuel Gómez Rosas,manuel-gomez-rosas-3,manuel gomez rosas,manuel-gomez-rosas,1,true,false,false,true,false,photoUrl
author-duplicate-023,LIKELY_DUPLICATE,74f94358-25ff-4681-a009-3d4086531a0f,74f94358-25ff-4681-a009-3d4086531a0f,Manuel Ondo Ndong,manuel-ondo-ndong,manuel ondo ndong,manuel-ondo-ndong,1,true,false,false,true,false,photoUrl
author-duplicate-023,LIKELY_DUPLICATE,74f94358-25ff-4681-a009-3d4086531a0f,a9596106-6638-4f4c-912c-ef431811741d,Manuel Ondo Ndong,manuel-ondo-ndong-2,manuel ondo ndong,manuel-ondo-ndong,1,true,false,false,true,false,photoUrl
author-duplicate-024,LIKELY_DUPLICATE,90ab8837-3864-4fe3-8a4b-b6f0d6a89e55,90ab8837-3864-4fe3-8a4b-b6f0d6a89e55,María Dolores Castellón Pérez,maria-dolores-castellon-perez,maria dolores castellon perez,maria-dolores-castellon-perez,1,true,false,false,true,false,photoUrl
author-duplicate-024,LIKELY_DUPLICATE,90ab8837-3864-4fe3-8a4b-b6f0d6a89e55,5a8b1b18-33a5-464f-92e9-1d5470ebd80c,María Dolores Castellón Pérez,maria-dolores-castellon-perez-2,maria dolores castellon perez,maria-dolores-castellon-perez,1,true,false,false,true,false,photoUrl
author-duplicate-025,LIKELY_DUPLICATE,4ff29b1f-b6d3-495e-8906-acb44323deb8,4ff29b1f-b6d3-495e-8906-acb44323deb8,Minerva Buiza,minerva-buiza,minerva buiza,minerva-buiza,1,true,false,false,true,false,photoUrl|biography
author-duplicate-025,LIKELY_DUPLICATE,4ff29b1f-b6d3-495e-8906-acb44323deb8,8d7f8a29-f365-417d-b609-8122844aca55,Minerva Buiza,minerva-buiza-2,minerva buiza,minerva-buiza,1,true,false,false,true,false,photoUrl|biography
author-duplicate-025,LIKELY_DUPLICATE,4ff29b1f-b6d3-495e-8906-acb44323deb8,6c12797b-aada-47a8-a105-94f4506ce1d1,Minerva Buiza,minerva-buiza-3,minerva buiza,minerva-buiza,1,true,false,false,true,false,photoUrl|biography
author-duplicate-025,LIKELY_DUPLICATE,4ff29b1f-b6d3-495e-8906-acb44323deb8,a10ad1ce-7b1b-4a1c-8e84-f60dbac69122,Minerva Buiza,minerva-buiza-4,minerva buiza,minerva-buiza,0,true,false,false,true,true,photoUrl|biography
author-duplicate-025,LIKELY_DUPLICATE,4ff29b1f-b6d3-495e-8906-acb44323deb8,9e96feb6-d431-439a-a0d2-2c5c7d357b25,Minerva Buiza,minerva-buiza-5,minerva buiza,minerva-buiza,0,true,false,false,true,true,photoUrl|biography
author-duplicate-026,LIKELY_DUPLICATE,8473c184-8d3d-42c3-b54e-a777c1851222,8473c184-8d3d-42c3-b54e-a777c1851222,Norberto Domínguez Jurado,norberto-dominguez-jurado,norberto dominguez jurado,norberto-dominguez-jurado,1,true,false,false,true,false,photoUrl
author-duplicate-026,LIKELY_DUPLICATE,8473c184-8d3d-42c3-b54e-a777c1851222,1286c255-ad35-4c36-8193-7726449ad6f6,Norberto Domínguez Jurado,norberto-dominguez-jurado-y-maria-isabel-martin-aranda,norberto dominguez jurado,norberto-dominguez-jurado-y-maria-isabel-martin-aranda,1,true,false,false,true,false,photoUrl
author-duplicate-027,LIKELY_DUPLICATE,6db0fa6b-d7f9-44fa-b40f-3626a402b116,6db0fa6b-d7f9-44fa-b40f-3626a402b116,Patxi Oyaga,patxi-oyaga,patxi oyaga,patxi-oyaga,1,true,false,false,true,false,photoUrl
author-duplicate-027,LIKELY_DUPLICATE,6db0fa6b-d7f9-44fa-b40f-3626a402b116,7f7b9eb4-f706-47f9-b1f0-1d54d3403cdb,Patxi Oyaga,patxi-oyaga-2,patxi oyaga,patxi-oyaga,0,true,false,false,true,true,photoUrl
author-duplicate-028,LIKELY_DUPLICATE,4ab0fad0-9ad3-44e0-a465-dcdda6637562,4ab0fad0-9ad3-44e0-a465-dcdda6637562,Sara Sánchez Prieto,sara-sanchez-prieto,sara sanchez prieto,sara-sanchez-prieto,1,true,false,false,true,false,photoUrl
author-duplicate-028,LIKELY_DUPLICATE,4ab0fad0-9ad3-44e0-a465-dcdda6637562,a7e26c9c-f5ab-4b8d-92c7-f0dea65d1b3c,Sara Sánchez Prieto,sara-sanchez-prieto-2,sara sanchez prieto,sara-sanchez-prieto,1,true,false,false,true,false,photoUrl
author-duplicate-029,LIKELY_DUPLICATE,d94280e4-5a18-4adf-9e9f-9f727e6ae7ec,d94280e4-5a18-4adf-9e9f-9f727e6ae7ec,Teodoro Rodríguez Martín,teodoro-rodriguez-martin,teodoro rodriguez martin,teodoro-rodriguez-martin,0,true,false,false,true,true,photoUrl
author-duplicate-029,LIKELY_DUPLICATE,d94280e4-5a18-4adf-9e9f-9f727e6ae7ec,0f994897-5c2a-40d9-b3de-ba3ad4ff4dc2,Teodoro Rodríguez Martín,teodoro-rodriguez-martin-2,teodoro rodriguez martin,teodoro-rodriguez-martin,1,true,false,false,true,false,photoUrl
