severity,code,entityType,sourceWpPostId,candidateKey,message,details
warning,AMBIGUOUS_IMAGE_ROLE,author,1712,author:1712,El registro tiene _thumbnail_id e imagen_destacada_2 diferentes.,"{""thumbnailId"":""1714"",""imageFieldId"":""2634""}"
warning,AMBIGUOUS_AUTHOR_BOOK_IMAGE,author,1712,author:1712,No se puede decidir automáticamente si las imágenes pertenecen al autor o al libro.,"{""thumbnailUrl"":""https://editoriallarueca.com/wp-content/uploads/foto1.jpg"",""imageFieldUrl"":""https://editoriallarueca.com/wp-content/uploads/w_mockup_oficios.jpg""}"
warning,AMBIGUOUS_IMAGE_ROLE,author,1730,author:1730,El registro tiene _thumbnail_id e imagen_destacada_2 diferentes.,"{""thumbnailId"":""1732"",""imageFieldId"":""1731""}"
warning,AMBIGUOUS_AUTHOR_BOOK_IMAGE,author,1730,author:1730,No se puede decidir automáticamente si las imágenes pertenecen al autor o al libro.,"{""thumbnailUrl"":""https://editoriallarueca.com/wp-content/uploads/FotoAutor-2.jpg"",""imageFieldUrl"":""https://editoriallarueca.com/wp-content/uploads/w_MockUp_Escorial.jpg""}"
warning,AMBIGUOUS_IMAGE_ROLE,author,1744,author:1744,El registro tiene _thumbnail_id e imagen_destacada_2 diferentes.,"{""thumbnailId"":""1746"",""imageFieldId"":""2633""}"
warning,AMBIGUOUS_AUTHOR_BOOK_IMAGE,author,1744,author:1744,No se puede decidir automáticamente si las imágenes pertenecen al autor o al libro.,"{""thumbnailUrl"":""https://editoriallarueca.com/wp-content/uploads/FotoElenaMiramontes.jpg"",""imageFieldUrl"":""https://editoriallarueca.com/wp-content/uploads/w_MockUp_compendio-1.jpg""}"
warning,AMBIGUOUS_IMAGE_ROLE,author,1750,author:1750,El registro tiene _thumbnail_id e imagen_destacada_2 diferentes.,"{""thumbnailId"":""2632"",""imageFieldId"":""1749""}"
warning,AMBIGUOUS_AUTHOR_BOOK_IMAGE,author,1750,author:1750,No se puede decidir automáticamente si las imágenes pertenecen al autor o al libro.,"{""thumbnailUrl"":""https://editoriallarueca.com/wp-content/uploads/w2_fotoAutor-3.jpg"",""imageFieldUrl"":""https://editoriallarueca.com/wp-content/uploads/w_mockup_Diego.jpg""}"
warning,AMBIGUOUS_IMAGE_ROLE,author,1780,author:1780,El registro tiene _thumbnail_id e imagen_destacada_2 diferentes.,"{""thumbnailId"":""1782"",""imageFieldId"":""1781""}"
warning,AMBIGUOUS_AUTHOR_BOOK_IMAGE,author,1780,author:1780,No se puede decidir automáticamente si las imágenes pertenecen al autor o al libro.,"{""thumbnailUrl"":""https://editoriallarueca.com/wp-content/uploads/w_FotoGuillermo-4.jpg"",""imageFieldUrl"":""https://editoriallarueca.com/wp-content/uploads/w_MockUp_ManoAMano.jpg""}"
warning,AMBIGUOUS_IMAGE_ROLE,author,1787,author:1787,El registro tiene _thumbnail_id e imagen_destacada_2 diferentes.,"{""thumbnailId"":""1789"",""imageFieldId"":""1788""}"
warning,AMBIGUOUS_AUTHOR_BOOK_IMAGE,author,1787,author:1787,No se puede decidir automáticamente si las imágenes pertenecen al autor o al libro.,"{""thumbnailUrl"":""https://editoriallarueca.com/wp-content/uploads/w_FotoMarina.jpg"",""imageFieldUrl"":""https://editoriallarueca.com/wp-content/uploads/w_MockUp_Perderse.jpg""}"
warning,AMBIGUOUS_IMAGE_ROLE,author,1798,author:1798,El registro tiene _thumbnail_id e imagen_destacada_2 diferentes.,"{""thumbnailId"":""1800"",""imageFieldId"":""1799""}"
warning,AMBIGUOUS_AUTHOR_BOOK_IMAGE,author,1798,author:1798,No se puede decidir automáticamente si las imágenes pertenecen al autor o al libro.,"{""thumbnailUrl"":""https://editoriallarueca.com/wp-content/uploads/w_FotoManuel-2.jpg"",""imageFieldUrl"":""https://editoriallarueca.com/wp-content/uploads/w_mockup_LosMejores.jpg""}"
warning,AMBIGUOUS_IMAGE_ROLE,author,1821,author:1821,El registro tiene _thumbnail_id e imagen_destacada_2 diferentes.,"{""thumbnailId"":""2623"",""imageFieldId"":""2624""}"
warning,AMBIGUOUS_AUTHOR_BOOK_IMAGE,author,1821,author:1821,No se puede decidir automáticamente si las imágenes pertenecen al autor o al libro.,"{""thumbnailUrl"":""https://editoriallarueca.com/wp-content/uploads/w_JoseHerruzo.jpg"",""imageFieldUrl"":""https://editoriallarueca.com/wp-content/uploads/w_MockUp_Evocacion2.jpg""}"
warning,AMBIGUOUS_IMAGE_ROLE,author,1834,author:1834,El registro tiene _thumbnail_id e imagen_destacada_2 diferentes.,"{""thumbnailId"":""2622"",""imageFieldId"":""2621""}"
warning,AMBIGUOUS_AUTHOR_BOOK_IMAGE,author,1834,author:1834,No se puede decidir automáticamente si las imágenes pertenecen al autor o al libro.,"{""thumbnailUrl"":""https://editoriallarueca.com/wp-content/uploads/2w_JoseVteCarmona.jpg"",""imageFieldUrl"":""https://editoriallarueca.com/wp-content/uploads/w_mokUp_Azul-1.jpg""}"
warning,AMBIGUOUS_IMAGE_ROLE,author,1851,author:1851,El registro tiene _thumbnail_id e imagen_destacada_2 diferentes.,"{""thumbnailId"":""2618"",""imageFieldId"":""1852""}"
warning,AMBIGUOUS_AUTHOR_BOOK_IMAGE,author,1851,author:1851,No se puede decidir automáticamente si las imágenes pertenecen al autor o al libro.,"{""thumbnailUrl"":""https://editoriallarueca.com/wp-content/uploads/w_fotoPiero-1.jpg"",""imageFieldUrl"":""https://editoriallarueca.com/wp-content/uploads/w_mockUP_Memorias.jpg""}"
warning,AMBIGUOUS_IMAGE_ROLE,author,1858,author:1858,El registro tiene _thumbnail_id e imagen_destacada_2 diferentes.,"{""thumbnailId"":""1475"",""imageFieldId"":""1862""}"
warning,AMBIGUOUS_AUTHOR_BOOK_IMAGE,author,1858,author:1858,No se puede decidir automáticamente si las imágenes pertenecen al autor o al libro.,"{""thumbnailUrl"":""https://editoriallarueca.com/wp-content/uploads/w_FotoAutor_Alonso.jpg"",""imageFieldUrl"":""https://editoriallarueca.com/wp-content/uploads/ww_mockup-Descartes.jpg""}"
warning,AMBIGUOUS_IMAGE_ROLE,author,1863,author:1863,El registro tiene _thumbnail_id e imagen_destacada_2 diferentes.,"{""thumbnailId"":""1865"",""imageFieldId"":""1864""}"
warning,AMBIGUOUS_AUTHOR_BOOK_IMAGE,author,1863,author:1863,No se puede decidir automáticamente si las imágenes pertenecen al autor o al libro.,"{""thumbnailUrl"":""https://editoriallarueca.com/wp-content/uploads/w_fotoAutor-5.jpg"",""imageFieldUrl"":""https://editoriallarueca.com/wp-content/uploads/w_mockUp_Ilusiones2.jpg""}"
warning,AMBIGUOUS_IMAGE_ROLE,author,1866,author:1866,El registro tiene _thumbnail_id e imagen_destacada_2 diferentes.,"{""thumbnailId"":""2619"",""imageFieldId"":""2620""}"
warning,AMBIGUOUS_AUTHOR_BOOK_IMAGE,author,1866,author:1866,No se puede decidir automáticamente si las imágenes pertenecen al autor o al libro.,"{""thumbnailUrl"":""https://editoriallarueca.com/wp-content/uploads/w_fotoAutora-1.jpg"",""imageFieldUrl"":""https://editoriallarueca.com/wp-content/uploads/W_MOCKup_RosaMEscudero-1.jpg""}"
warning,AMBIGUOUS_IMAGE_ROLE,author,1881,author:1881,El registro tiene _thumbnail_id e imagen_destacada_2 diferentes.,"{""thumbnailId"":""2617"",""imageFieldId"":""2616""}"
warning,AMBIGUOUS_AUTHOR_BOOK_IMAGE,author,1881,author:1881,No se puede decidir automáticamente si las imágenes pertenecen al autor o al libro.,"{""thumbnailUrl"":""https://editoriallarueca.com/wp-content/uploads/w2_fotoAutor-2.jpg"",""imageFieldUrl"":""https://editoriallarueca.com/wp-content/uploads/w_MockUp_PuebloJudio2-1.jpg""}"
warning,AMBIGUOUS_IMAGE_ROLE,author,1893,author:1893,El registro tiene _thumbnail_id e imagen_destacada_2 diferentes.,"{""thumbnailId"":""2614"",""imageFieldId"":""2615""}"
warning,AMBIGUOUS_AUTHOR_BOOK_IMAGE,author,1893,author:1893,No se puede decidir automáticamente si las imágenes pertenecen al autor o al libro.,"{""thumbnailUrl"":""https://editoriallarueca.com/wp-content/uploads/w2_Olmedo.jpg"",""imageFieldUrl"":""https://editoriallarueca.com/wp-content/uploads/w_MockuP_Ingles3.jpg""}"
warning,AMBIGUOUS_IMAGE_ROLE,author,1902,author:1902,El registro tiene _thumbnail_id e imagen_destacada_2 diferentes.,"{""thumbnailId"":""2613"",""imageFieldId"":""1903""}"
warning,AMBIGUOUS_AUTHOR_BOOK_IMAGE,author,1902,author:1902,No se puede decidir automáticamente si las imágenes pertenecen al autor o al libro.,"{""thumbnailUrl"":""https://editoriallarueca.com/wp-content/uploads/w2_ManuelOndo.jpg"",""imageFieldUrl"":""https://editoriallarueca.com/wp-content/uploads/w_MockuP_Jubidado.jpg""}"
warning,AMBIGUOUS_IMAGE_ROLE,author,1917,author:1917,El registro tiene _thumbnail_id e imagen_destacada_2 diferentes.,"{""thumbnailId"":""1919"",""imageFieldId"":""1918""}"
warning,AMBIGUOUS_AUTHOR_BOOK_IMAGE,author,1917,author:1917,No se puede decidir automáticamente si las imágenes pertenecen al autor o al libro.,"{""thumbnailUrl"":""https://editoriallarueca.com/wp-content/uploads/FOTO-BIOGRAFIA-TESIS-1.jpg"",""imageFieldUrl"":""https://editoriallarueca.com/wp-content/uploads/w_mockUp_Tesis.jpg""}"
warning,AMBIGUOUS_IMAGE_ROLE,author,1932,author:1932,El registro tiene _thumbnail_id e imagen_destacada_2 diferentes.,"{""thumbnailId"":""2612"",""imageFieldId"":""1933""}"
warning,AMBIGUOUS_AUTHOR_BOOK_IMAGE,author,1932,author:1932,No se puede decidir automáticamente si las imágenes pertenecen al autor o al libro.,"{""thumbnailUrl"":""https://editoriallarueca.com/wp-content/uploads/w2_Breijo.jpg"",""imageFieldUrl"":""https://editoriallarueca.com/wp-content/uploads/w_Mockup_cascarrabias-copia.jpg""}"
warning,AMBIGUOUS_IMAGE_ROLE,author,1947,author:1947,El registro tiene _thumbnail_id e imagen_destacada_2 diferentes.,"{""thumbnailId"":""1949"",""imageFieldId"":""1948""}"
warning,AMBIGUOUS_AUTHOR_BOOK_IMAGE,author,1947,author:1947,No se puede decidir automáticamente si las imágenes pertenecen al autor o al libro.,"{""thumbnailUrl"":""https://editoriallarueca.com/wp-content/uploads/Foto-Elga.jpg"",""imageFieldUrl"":""https://editoriallarueca.com/wp-content/uploads/2w_mockup_Gris-copia.jpg""}"
warning,AMBIGUOUS_IMAGE_ROLE,author,1953,author:1953,El registro tiene _thumbnail_id e imagen_destacada_2 diferentes.,"{""thumbnailId"":""1956"",""imageFieldId"":""1954""}"
warning,AMBIGUOUS_AUTHOR_BOOK_IMAGE,author,1953,author:1953,No se puede decidir automáticamente si las imágenes pertenecen al autor o al libro.,"{""thumbnailUrl"":""https://editoriallarueca.com/wp-content/uploads/w_fotoAutor-7.jpg"",""imageFieldUrl"":""https://editoriallarueca.com/wp-content/uploads/w_mockup_clonacion-copia.jpg""}"
warning,AMBIGUOUS_IMAGE_ROLE,author,2089,author:2089,El registro tiene _thumbnail_id e imagen_destacada_2 diferentes.,"{""thumbnailId"":""2611"",""imageFieldId"":""2090""}"
warning,AMBIGUOUS_AUTHOR_BOOK_IMAGE,author,2089,author:2089,No se puede decidir automáticamente si las imágenes pertenecen al autor o al libro.,"{""thumbnailUrl"":""https://editoriallarueca.com/wp-content/uploads/w_Guillermo-2.jpg"",""imageFieldUrl"":""https://editoriallarueca.com/wp-content/uploads/Mockup_Viajando.jpg""}"
warning,AMBIGUOUS_IMAGE_ROLE,author,2232,author:2232,El registro tiene _thumbnail_id e imagen_destacada_2 diferentes.,"{""thumbnailId"":""2610"",""imageFieldId"":""2233""}"
warning,AMBIGUOUS_AUTHOR_BOOK_IMAGE,author,2232,author:2232,No se puede decidir automáticamente si las imágenes pertenecen al autor o al libro.,"{""thumbnailUrl"":""https://editoriallarueca.com/wp-content/uploads/w2_fotoAutor-1.jpg"",""imageFieldUrl"":""https://editoriallarueca.com/wp-content/uploads/MockUp_Ecos-copia.jpg""}"
warning,AMBIGUOUS_IMAGE_ROLE,author,2303,author:2303,El registro tiene _thumbnail_id e imagen_destacada_2 diferentes.,"{""thumbnailId"":""2609"",""imageFieldId"":""2608""}"
warning,AMBIGUOUS_AUTHOR_BOOK_IMAGE,author,2303,author:2303,No se puede decidir automáticamente si las imágenes pertenecen al autor o al libro.,"{""thumbnailUrl"":""https://editoriallarueca.com/wp-content/uploads/w2_fotoAutoresAEDOS.jpg"",""imageFieldUrl"":""https://editoriallarueca.com/wp-content/uploads/w_Mockup_AEDOS-1.jpg""}"
warning,AMBIGUOUS_IMAGE_ROLE,author,2346,author:2346,El registro tiene _thumbnail_id e imagen_destacada_2 diferentes.,"{""thumbnailId"":""2606"",""imageFieldId"":""2605""}"
warning,AMBIGUOUS_AUTHOR_BOOK_IMAGE,author,2346,author:2346,No se puede decidir automáticamente si las imágenes pertenecen al autor o al libro.,"{""thumbnailUrl"":""https://editoriallarueca.com/wp-content/uploads/w2_fotoDiegoGomezCosta-copia.jpg"",""imageFieldUrl"":""https://editoriallarueca.com/wp-content/uploads/w_mockup_manual.jpg""}"
warning,AMBIGUOUS_IMAGE_ROLE,author,2406,author:2406,El registro tiene _thumbnail_id e imagen_destacada_2 diferentes.,"{""thumbnailId"":""2408"",""imageFieldId"":""2405""}"
warning,AMBIGUOUS_AUTHOR_BOOK_IMAGE,author,2406,author:2406,No se puede decidir automáticamente si las imágenes pertenecen al autor o al libro.,"{""thumbnailUrl"":""https://editoriallarueca.com/wp-content/uploads/FotoGaspar-copia.jpg"",""imageFieldUrl"":""https://editoriallarueca.com/wp-content/uploads/w_Disilencia.jpg""}"
warning,AMBIGUOUS_IMAGE_ROLE,author,2625,author:2625,El registro tiene _thumbnail_id e imagen_destacada_2 diferentes.,"{""thumbnailId"":""2627"",""imageFieldId"":""2631""}"
warning,AMBIGUOUS_AUTHOR_BOOK_IMAGE,author,2625,author:2625,No se puede decidir automáticamente si las imágenes pertenecen al autor o al libro.,"{""thumbnailUrl"":""https://editoriallarueca.com/wp-content/uploads/w_fotoRosario.jpg"",""imageFieldUrl"":""https://editoriallarueca.com/wp-content/uploads/w_Mockup_RossyDeJuan-copia.jpg""}"
warning,AMBIGUOUS_IMAGE_ROLE,author,2638,author:2638,El registro tiene _thumbnail_id e imagen_destacada_2 diferentes.,"{""thumbnailId"":""2640"",""imageFieldId"":""2639""}"
warning,AMBIGUOUS_AUTHOR_BOOK_IMAGE,author,2638,author:2638,No se puede decidir automáticamente si las imágenes pertenecen al autor o al libro.,"{""thumbnailUrl"":""https://editoriallarueca.com/wp-content/uploads/w_FotoAutora-2.jpg"",""imageFieldUrl"":""https://editoriallarueca.com/wp-content/uploads/w_MockUp_Apascovid-copia.jpg""}"
warning,AMBIGUOUS_IMAGE_ROLE,author,2652,author:2652,El registro tiene _thumbnail_id e imagen_destacada_2 diferentes.,"{""thumbnailId"":""2654"",""imageFieldId"":""2653""}"
warning,AMBIGUOUS_AUTHOR_BOOK_IMAGE,author,2652,author:2652,No se puede decidir automáticamente si las imágenes pertenecen al autor o al libro.,"{""thumbnailUrl"":""https://editoriallarueca.com/wp-content/uploads/FotoGuillermo.jpg"",""imageFieldUrl"":""https://editoriallarueca.com/wp-content/uploads/mockup_22dias.jpg""}"
warning,AMBIGUOUS_IMAGE_ROLE,author,2749,author:2749,El registro tiene _thumbnail_id e imagen_destacada_2 diferentes.,"{""thumbnailId"":""2622"",""imageFieldId"":""2750""}"
warning,AMBIGUOUS_AUTHOR_BOOK_IMAGE,author,2749,author:2749,No se puede decidir automáticamente si las imágenes pertenecen al autor o al libro.,"{""thumbnailUrl"":""https://editoriallarueca.com/wp-content/uploads/2w_JoseVteCarmona.jpg"",""imageFieldUrl"":""https://editoriallarueca.com/wp-content/uploads/w_MockuP_kATE2-copia.jpg""}"
warning,AMBIGUOUS_IMAGE_ROLE,author,2756,author:2756,El registro tiene _thumbnail_id e imagen_destacada_2 diferentes.,"{""thumbnailId"":""2758"",""imageFieldId"":""2757""}"
warning,AMBIGUOUS_AUTHOR_BOOK_IMAGE,author,2756,author:2756,No se puede decidir automáticamente si las imágenes pertenecen al autor o al libro.,"{""thumbnailUrl"":""https://editoriallarueca.com/wp-content/uploads/W_FOTOpatxi-1.jpg"",""imageFieldUrl"":""https://editoriallarueca.com/wp-content/uploads/w_MockuP_Ilusiones.jpg""}"
warning,AMBIGUOUS_IMAGE_ROLE,author,2798,author:2798,El registro tiene _thumbnail_id e imagen_destacada_2 diferentes.,"{""thumbnailId"":""2797"",""imageFieldId"":""2799""}"
warning,AMBIGUOUS_AUTHOR_BOOK_IMAGE,author,2798,author:2798,No se puede decidir automáticamente si las imágenes pertenecen al autor o al libro.,"{""thumbnailUrl"":""https://editoriallarueca.com/wp-content/uploads/W_portada_andanzas-1.jpg"",""imageFieldUrl"":""https://editoriallarueca.com/wp-content/uploads/w_mockUP_andanzas.jpg""}"
warning,AMBIGUOUS_IMAGE_ROLE,author,2806,author:2806,El registro tiene _thumbnail_id e imagen_destacada_2 diferentes.,"{""thumbnailId"":""2808"",""imageFieldId"":""2807""}"
warning,AMBIGUOUS_AUTHOR_BOOK_IMAGE,author,2806,author:2806,No se puede decidir automáticamente si las imágenes pertenecen al autor o al libro.,"{""thumbnailUrl"":""https://editoriallarueca.com/wp-content/uploads/w_fotoAutor-copia.jpg"",""imageFieldUrl"":""https://editoriallarueca.com/wp-content/uploads/w_MockUp_Forastero.jpg""}"
warning,AMBIGUOUS_IMAGE_ROLE,author,2824,author:2824,El registro tiene _thumbnail_id e imagen_destacada_2 diferentes.,"{""thumbnailId"":""2826"",""imageFieldId"":""2825""}"
warning,AMBIGUOUS_AUTHOR_BOOK_IMAGE,author,2824,author:2824,No se puede decidir automáticamente si las imágenes pertenecen al autor o al libro.,"{""thumbnailUrl"":""https://editoriallarueca.com/wp-content/uploads/FotoAbel.jpeg"",""imageFieldUrl"":""https://editoriallarueca.com/wp-content/uploads/w_Mockup_TierraCampos.jpg""}"
warning,AMBIGUOUS_IMAGE_ROLE,author,2855,author:2855,El registro tiene _thumbnail_id e imagen_destacada_2 diferentes.,"{""thumbnailId"":""2857"",""imageFieldId"":""2856""}"
warning,AMBIGUOUS_AUTHOR_BOOK_IMAGE,author,2855,author:2855,No se puede decidir automáticamente si las imágenes pertenecen al autor o al libro.,"{""thumbnailUrl"":""https://editoriallarueca.com/wp-content/uploads/FotoMinerva.jpeg"",""imageFieldUrl"":""https://editoriallarueca.com/wp-content/uploads/w_mockup_Arcanos-copia.jpg""}"
warning,AMBIGUOUS_IMAGE_ROLE,author,2860,author:2860,El registro tiene _thumbnail_id e imagen_destacada_2 diferentes.,"{""thumbnailId"":""2863"",""imageFieldId"":""2861""}"
warning,AMBIGUOUS_AUTHOR_BOOK_IMAGE,author,2860,author:2860,No se puede decidir automáticamente si las imágenes pertenecen al autor o al libro.,"{""thumbnailUrl"":""https://editoriallarueca.com/wp-content/uploads/Foto4Minerva.jpg"",""imageFieldUrl"":""https://editoriallarueca.com/wp-content/uploads/w_mockUp_CursoTarot.jpg""}"
warning,AMBIGUOUS_IMAGE_ROLE,author,2933,author:2933,El registro tiene _thumbnail_id e imagen_destacada_2 diferentes.,"{""thumbnailId"":""2935"",""imageFieldId"":""2934""}"
warning,AMBIGUOUS_AUTHOR_BOOK_IMAGE,author,2933,author:2933,No se puede decidir automáticamente si las imágenes pertenecen al autor o al libro.,"{""thumbnailUrl"":""https://editoriallarueca.com/wp-content/uploads/Autor_Guillermo-Mayayo-Garcia_Libro_-Trabajas-demasiado-para-ganar-tan-poco_Genero-BusinessManagement.jpg"",""imageFieldUrl"":""https://editoriallarueca.com/wp-content/uploads/Libro_Trabajas-demasiado-para-ganar-tan-poco_-Manual-de-gestion-para-duenos-de-pymes-atrapados-en-su-negocio_Autor-Guillermo-Mayayo_Genero-KJ.jpg""}"
warning,AMBIGUOUS_IMAGE_ROLE,author,2962,author:2962,El registro tiene _thumbnail_id e imagen_destacada_2 diferentes.,"{""thumbnailId"":""2964"",""imageFieldId"":""2963""}"
warning,AMBIGUOUS_AUTHOR_BOOK_IMAGE,author,2962,author:2962,No se puede decidir automáticamente si las imágenes pertenecen al autor o al libro.,"{""thumbnailUrl"":""https://editoriallarueca.com/wp-content/uploads/Libro_El-lenguaje-perdido-de-las-nubes_Autor_AntonioLCharlin_Genero-FA_Editorial-La-Rueca.jpg"",""imageFieldUrl"":""https://editoriallarueca.com/wp-content/uploads/MochUP_Libro_El-lenguaje-perdido-de-las-nubesAutor_AntonioL.jpg""}"
warning,AMBIGUOUS_IMAGE_ROLE,author,3046,author:3046,El registro tiene _thumbnail_id e imagen_destacada_2 diferentes.,"{""thumbnailId"":""3048"",""imageFieldId"":""3049""}"
warning,AMBIGUOUS_AUTHOR_BOOK_IMAGE,author,3046,author:3046,No se puede decidir automáticamente si las imágenes pertenecen al autor o al libro.,"{""thumbnailUrl"":""https://editoriallarueca.com/wp-content/uploads/Autor_JoseAntonioGalante_Libro-Adagio-para-whisky_Genero-Poesia-1.jpg"",""imageFieldUrl"":""https://editoriallarueca.com/wp-content/uploads/w_adagioParaWhisky-copia.jpg""}"
warning,AMBIGUOUS_IMAGE_ROLE,author,3099,author:3099,El registro tiene _thumbnail_id e imagen_destacada_2 diferentes.,"{""thumbnailId"":""3101"",""imageFieldId"":""3144""}"
warning,AMBIGUOUS_AUTHOR_BOOK_IMAGE,author,3099,author:3099,No se puede decidir automáticamente si las imágenes pertenecen al autor o al libro.,"{""thumbnailUrl"":""https://editoriallarueca.com/wp-content/uploads/Antonio-Zarate_libroLaEnsenanza-en-Moralzarzal_libro-La-Ensenanza-en-Moralzarzal.jpg"",""imageFieldUrl"":""https://editoriallarueca.com/wp-content/uploads/w_mockup_Ensenanza.jpg""}"
warning,AMBIGUOUS_IMAGE_ROLE,author,3135,author:3135,El registro tiene _thumbnail_id e imagen_destacada_2 diferentes.,"{""thumbnailId"":""3137"",""imageFieldId"":""3136""}"
warning,AMBIGUOUS_AUTHOR_BOOK_IMAGE,author,3135,author:3135,No se puede decidir automáticamente si las imágenes pertenecen al autor o al libro.,"{""thumbnailUrl"":""https://editoriallarueca.com/wp-content/uploads/Autora-Victoria-Huelin-_Titulo-Por-lo-Pindio_Genero-DNF-ensayo-literario_Editorial-la-Rueca.jpg"",""imageFieldUrl"":""https://editoriallarueca.com/wp-content/uploads/w_mockUp_Pindio-copia.jpg""}"
warning,AMBIGUOUS_IMAGE_ROLE,author,3141,author:3141,El registro tiene _thumbnail_id e imagen_destacada_2 diferentes.,"{""thumbnailId"":""3143"",""imageFieldId"":""3142""}"
warning,AMBIGUOUS_AUTHOR_BOOK_IMAGE,author,3141,author:3141,No se puede decidir automáticamente si las imágenes pertenecen al autor o al libro.,"{""thumbnailUrl"":""https://editoriallarueca.com/wp-content/uploads/Autor-Alfredo-Manrique-Bravo_Libro-Cuando-te-vuelva-a-encontrar_Genero-Biografia-BT_Editorial-la-Rueca.jpg"",""imageFieldUrl"":""https://editoriallarueca.com/wp-content/uploads/w_MockUp_CuandoTeVuelvaAEncontrar.jpg""}"
warning,AMBIGUOUS_IMAGE_ROLE,author,3153,author:3153,El registro tiene _thumbnail_id e imagen_destacada_2 diferentes.,"{""thumbnailId"":""3155"",""imageFieldId"":""3154""}"
warning,AMBIGUOUS_AUTHOR_BOOK_IMAGE,author,3153,author:3153,No se puede decidir automáticamente si las imágenes pertenecen al autor o al libro.,"{""thumbnailUrl"":""https://editoriallarueca.com/wp-content/uploads/FotoAutor.jpeg"",""imageFieldUrl"":""https://editoriallarueca.com/wp-content/uploads/w_mockUp_Rio-copia.jpg""}"
warning,AMBIGUOUS_IMAGE_ROLE,author,3159,author:3159,El registro tiene _thumbnail_id e imagen_destacada_2 diferentes.,"{""thumbnailId"":""3161"",""imageFieldId"":""3160""}"
warning,AMBIGUOUS_AUTHOR_BOOK_IMAGE,author,3159,author:3159,No se puede decidir automáticamente si las imágenes pertenecen al autor o al libro.,"{""thumbnailUrl"":""https://editoriallarueca.com/wp-content/uploads/autor-OsianRodriguez_Libro-El-arte-de-Cosplay_Genero-AKLC-–-Comic-y-caricatura_Editorial-la-Rueca-copia.jpg"",""imageFieldUrl"":""https://editoriallarueca.com/wp-content/uploads/w_MockUp_Cosplay.jpg""}"
warning,AMBIGUOUS_IMAGE_ROLE,author,3166,author:3166,El registro tiene _thumbnail_id e imagen_destacada_2 diferentes.,"{""thumbnailId"":""3168"",""imageFieldId"":""3167""}"
warning,AMBIGUOUS_AUTHOR_BOOK_IMAGE,author,3166,author:3166,No se puede decidir automáticamente si las imágenes pertenecen al autor o al libro.,"{""thumbnailUrl"":""https://editoriallarueca.com/wp-content/uploads/Autor-Jose-Vte-Carmona_Libro-Regreso-a-la-invisibilidad_Genero-Relatos_Editorial-la-Rueca.jpg"",""imageFieldUrl"":""https://editoriallarueca.com/wp-content/uploads/w_MockUp_Invisibilidad.png""}"
warning,DUPLICATE_BOOK_TITLE,book,563,book:cruce de pasos,Título de libro candidato duplicado normalizado.,duplicate-book:cruce de pasos
warning,DUPLICATE_BOOK_TITLE,book,619,book:cruce de pasos,Título de libro candidato duplicado normalizado.,duplicate-book:cruce de pasos
warning,DUPLICATE_BOOK_TITLE,book,797,book:la lista de tareas de mi profe jose,Título de libro candidato duplicado normalizado.,duplicate-book:la lista de tareas de mi profe jose
warning,DUPLICATE_BOOK_TITLE,book,1578,book:la lista de tareas de mi profe jose,Título de libro candidato duplicado normalizado.,duplicate-book:la lista de tareas de mi profe jose
warning,POSSIBLE_DUPLICATE_AUTHOR,author,556,author:556,Posible autor duplicado por nombre o slug normalizado.,possible-author:guillermo m schrem
warning,POSSIBLE_DUPLICATE_AUTHOR,author,563,author:563,Posible autor duplicado por nombre o slug normalizado.,possible-author:ana cordoba del campo
warning,POSSIBLE_DUPLICATE_AUTHOR,author,623,author:623,Posible autor duplicado por nombre o slug normalizado.,possible-author:norberto dominguez jurado
warning,POSSIBLE_DUPLICATE_AUTHOR,author,628,author:628,Posible autor duplicado por nombre o slug normalizado.,possible-author:maria dolores castellon perez
warning,POSSIBLE_DUPLICATE_AUTHOR,author,633,author:633,Posible autor duplicado por nombre o slug normalizado.,possible-author:alonso cruz leon
warning,POSSIBLE_DUPLICATE_AUTHOR,author,652,author:652,Posible autor duplicado por nombre o slug normalizado.,possible-author:teodoro rodriguez martin
warning,POSSIBLE_DUPLICATE_AUTHOR,author,663,author:663,Posible autor duplicado por nombre o slug normalizado.,possible-author:antonio lopez hurtado zarate
warning,POSSIBLE_DUPLICATE_AUTHOR,author,690,author:690,Posible autor duplicado por nombre o slug normalizado.,possible-author:antonio l gomez charlin
warning,POSSIBLE_DUPLICATE_AUTHOR,author,710,author:710,Posible autor duplicado por nombre o slug normalizado.,possible-author:antonio lopez hurtado zarate
warning,POSSIBLE_DUPLICATE_AUTHOR,author,717,author:717,Posible autor duplicado por nombre o slug normalizado.,possible-author:juan antonio valero casado
warning,POSSIBLE_DUPLICATE_AUTHOR,author,724,author:724,Posible autor duplicado por nombre o slug normalizado.,possible-author:teodoro rodriguez martin
warning,POSSIBLE_DUPLICATE_AUTHOR,author,733,author:733,Posible autor duplicado por nombre o slug normalizado.,possible-author:alejandro gonzalez garcia
warning,POSSIBLE_DUPLICATE_AUTHOR,author,747,author:747,Posible autor duplicado por nombre o slug normalizado.,possible-author:alejandro gonzalez garcia
warning,POSSIBLE_DUPLICATE_AUTHOR,author,765,author:765,Posible autor duplicado por nombre o slug normalizado.,possible-author:ignacio luis de orduna puebla
warning,POSSIBLE_DUPLICATE_AUTHOR,author,797,author:797,Posible autor duplicado por nombre o slug normalizado.,possible-author:carlos jose olmedo batista
warning,POSSIBLE_DUPLICATE_AUTHOR,author,802,author:802,Posible autor duplicado por nombre o slug normalizado.,possible-author:gaspar t jimeno diestro
warning,POSSIBLE_DUPLICATE_AUTHOR,author,813,author:813,Posible autor duplicado por nombre o slug normalizado.,possible-author:angel garcia garcia munoz buru
warning,POSSIBLE_DUPLICATE_AUTHOR,author,819,author:819,Posible autor duplicado por nombre o slug normalizado.,possible-author:juan jose velasco sanchez mayoral
warning,POSSIBLE_DUPLICATE_AUTHOR,author,882,author:882,Posible autor duplicado por nombre o slug normalizado.,possible-author:ana cordoba del campo
warning,POSSIBLE_DUPLICATE_AUTHOR,author,904,author:904,Posible autor duplicado por nombre o slug normalizado.,possible-author:jose antonio galante perez
warning,POSSIBLE_DUPLICATE_AUTHOR,author,921,author:921,Posible autor duplicado por nombre o slug normalizado.,possible-author:diego gomez costa
warning,POSSIBLE_DUPLICATE_AUTHOR,author,938,author:938,Posible autor duplicado por nombre o slug normalizado.,possible-author:antonio valdeavero ponce
warning,POSSIBLE_DUPLICATE_AUTHOR,author,942,author:942,Posible autor duplicado por nombre o slug normalizado.,possible-author:manuel gomez rosas
warning,POSSIBLE_DUPLICATE_AUTHOR,author,1017,author:1017,Posible autor duplicado por nombre o slug normalizado.,possible-author:jose vte carmona simarro
warning,POSSIBLE_DUPLICATE_AUTHOR,author,1029,author:1029,Posible autor duplicado por nombre o slug normalizado.,possible-author:guillermo m schrem
warning,POSSIBLE_DUPLICATE_AUTHOR,author,1040,author:1040,Posible autor duplicado por nombre o slug normalizado.,possible-author:julio sanchez alonso
warning,POSSIBLE_DUPLICATE_AUTHOR,author,1088,author:1088,Posible autor duplicado por nombre o slug normalizado.,possible-author:alfredo manrique bravo
warning,POSSIBLE_DUPLICATE_AUTHOR,author,1121,author:1121,Posible autor duplicado por nombre o slug normalizado.,possible-author:maria dolores castellon perez
warning,POSSIBLE_DUPLICATE_AUTHOR,author,1131,author:1131,Posible autor duplicado por nombre o slug normalizado.,possible-author:manuel gomez rosas
warning,POSSIBLE_DUPLICATE_AUTHOR,author,1136,author:1136,Posible autor duplicado por nombre o slug normalizado.,possible-author:guillermo martinez schrem
warning,POSSIBLE_DUPLICATE_AUTHOR,author,1167,author:1167,Posible autor duplicado por nombre o slug normalizado.,possible-author:francisco marin vargas
warning,POSSIBLE_DUPLICATE_AUTHOR,author,1187,author:1187,Posible autor duplicado por nombre o slug normalizado.,possible-author:norberto dominguez jurado
warning,POSSIBLE_DUPLICATE_AUTHOR,author,1209,author:1209,Posible autor duplicado por nombre o slug normalizado.,possible-author:francisco marin vargas
warning,POSSIBLE_DUPLICATE_AUTHOR,author,1214,author:1214,Posible autor duplicado por nombre o slug normalizado.,possible-author:patxi oyaga
warning,POSSIBLE_DUPLICATE_AUTHOR,author,1219,author:1219,Posible autor duplicado por nombre o slug normalizado.,possible-author:julio sanchez alonso
warning,POSSIBLE_DUPLICATE_AUTHOR,author,1230,author:1230,Posible autor duplicado por nombre o slug normalizado.,possible-author:guillermo m schrem
warning,POSSIBLE_DUPLICATE_AUTHOR,author,1235,author:1235,Posible autor duplicado por nombre o slug normalizado.,possible-author:jose antonio galante perez
warning,POSSIBLE_DUPLICATE_AUTHOR,author,1246,author:1246,Posible autor duplicado por nombre o slug normalizado.,possible-author:elga reategui
warning,POSSIBLE_DUPLICATE_AUTHOR,author,1256,author:1256,Posible autor duplicado por nombre o slug normalizado.,possible-author:angel garcia garcia munoz buru
warning,POSSIBLE_DUPLICATE_AUTHOR,author,1302,author:1302,Posible autor duplicado por nombre o slug normalizado.,possible-author:francisco marin vargas
warning,POSSIBLE_DUPLICATE_AUTHOR,author,1325,author:1325,Posible autor duplicado por nombre o slug normalizado.,possible-author:jose antonio galante perez
warning,POSSIBLE_DUPLICATE_AUTHOR,author,1341,author:1341,Posible autor duplicado por nombre o slug normalizado.,possible-author:jose vte carmona simarro
warning,POSSIBLE_DUPLICATE_AUTHOR,author,1348,author:1348,Posible autor duplicado por nombre o slug normalizado.,possible-author:francisco marin vargas
warning,POSSIBLE_DUPLICATE_AUTHOR,author,1358,author:1358,Posible autor duplicado por nombre o slug normalizado.,possible-author:minerva buiza
warning,POSSIBLE_DUPLICATE_AUTHOR,author,1361,author:1361,Posible autor duplicado por nombre o slug normalizado.,possible-author:minerva buiza
warning,POSSIBLE_DUPLICATE_AUTHOR,author,1365,author:1365,Posible autor duplicado por nombre o slug normalizado.,possible-author:francisco marin vargas
warning,POSSIBLE_DUPLICATE_AUTHOR,author,1422,author:1422,Posible autor duplicado por nombre o slug normalizado.,possible-author:guillermo m schrem
warning,POSSIBLE_DUPLICATE_AUTHOR,author,1431,author:1431,Posible autor duplicado por nombre o slug normalizado.,possible-author:francisco marin vargas
warning,POSSIBLE_DUPLICATE_AUTHOR,author,1457,author:1457,Posible autor duplicado por nombre o slug normalizado.,possible-author:juan jose velasco sanchez mayoral
warning,POSSIBLE_DUPLICATE_AUTHOR,author,1473,author:1473,Posible autor duplicado por nombre o slug normalizado.,possible-author:alonso cruz leon
warning,POSSIBLE_DUPLICATE_AUTHOR,author,1483,author:1483,Posible autor duplicado por nombre o slug normalizado.,possible-author:minerva buiza
warning,POSSIBLE_DUPLICATE_AUTHOR,author,1526,author:1526,Posible autor duplicado por nombre o slug normalizado.,possible-author:sara sanchez prieto
warning,POSSIBLE_DUPLICATE_AUTHOR,author,1560,author:1560,Posible autor duplicado por nombre o slug normalizado.,possible-author:guillermo martinez schrem
warning,POSSIBLE_DUPLICATE_AUTHOR,author,1578,author:1578,Posible autor duplicado por nombre o slug normalizado.,possible-author:carlos jose olmedo batista
warning,POSSIBLE_DUPLICATE_AUTHOR,author,1585,author:1585,Posible autor duplicado por nombre o slug normalizado.,possible-author:ignacio luis de orduna puebla
warning,POSSIBLE_DUPLICATE_AUTHOR,author,1644,author:1644,Posible autor duplicado por nombre o slug normalizado.,possible-author:sara sanchez prieto
warning,POSSIBLE_DUPLICATE_AUTHOR,author,1649,author:1649,Posible autor duplicado por nombre o slug normalizado.,possible-author:juan antonio valero casado
warning,POSSIBLE_DUPLICATE_AUTHOR,author,1681,author:1681,Posible autor duplicado por nombre o slug normalizado.,possible-author:guillermo martinez schrem
warning,POSSIBLE_DUPLICATE_AUTHOR,author,1686,author:1686,Posible autor duplicado por nombre o slug normalizado.,possible-author:antonio valdeavero ponce
warning,POSSIBLE_DUPLICATE_AUTHOR,author,1712,author:1712,Posible autor duplicado por nombre o slug normalizado.,possible-author:antonio lopez hurtado zarate
warning,POSSIBLE_DUPLICATE_AUTHOR,author,1750,author:1750,Posible autor duplicado por nombre o slug normalizado.,possible-author:diego gomez costa
warning,POSSIBLE_DUPLICATE_AUTHOR,author,1780,author:1780,Posible autor duplicado por nombre o slug normalizado.,possible-author:guillermo m schrem
warning,POSSIBLE_DUPLICATE_AUTHOR,author,1798,author:1798,Posible autor duplicado por nombre o slug normalizado.,possible-author:manuel gomez rosas
warning,POSSIBLE_DUPLICATE_AUTHOR,author,1834,author:1834,Posible autor duplicado por nombre o slug normalizado.,possible-author:jose vte carmona simarro
warning,POSSIBLE_DUPLICATE_AUTHOR,author,1858,author:1858,Posible autor duplicado por nombre o slug normalizado.,possible-author:alonso cruz leon
warning,POSSIBLE_DUPLICATE_AUTHOR,author,1863,author:1863,Posible autor duplicado por nombre o slug normalizado.,possible-author:juan jose velasco sanchez mayoral
warning,POSSIBLE_DUPLICATE_AUTHOR,author,1881,author:1881,Posible autor duplicado por nombre o slug normalizado.,possible-author:diego gomez costa
warning,POSSIBLE_DUPLICATE_AUTHOR,author,1902,author:1902,Posible autor duplicado por nombre o slug normalizado.,possible-author:manuel ondo ndong
warning,POSSIBLE_DUPLICATE_AUTHOR,author,1917,author:1917,Posible autor duplicado por nombre o slug normalizado.,possible-author:manuel ondo ndong
warning,POSSIBLE_DUPLICATE_AUTHOR,author,1947,author:1947,Posible autor duplicado por nombre o slug normalizado.,possible-author:elga reategui
warning,POSSIBLE_DUPLICATE_AUTHOR,author,2089,author:2089,Posible autor duplicado por nombre o slug normalizado.,possible-author:guillermo m schrem
warning,POSSIBLE_DUPLICATE_AUTHOR,author,2346,author:2346,Posible autor duplicado por nombre o slug normalizado.,possible-author:diego gomez costa
warning,POSSIBLE_DUPLICATE_AUTHOR,author,2406,author:2406,Posible autor duplicado por nombre o slug normalizado.,possible-author:gaspar t jimeno diestro
warning,POSSIBLE_DUPLICATE_AUTHOR,author,2652,author:2652,Posible autor duplicado por nombre o slug normalizado.,possible-author:guillermo m schrem
warning,POSSIBLE_DUPLICATE_AUTHOR,author,2749,author:2749,Posible autor duplicado por nombre o slug normalizado.,possible-author:jose vte carmona simarro
warning,POSSIBLE_DUPLICATE_AUTHOR,author,2756,author:2756,Posible autor duplicado por nombre o slug normalizado.,possible-author:patxi oyaga
warning,POSSIBLE_DUPLICATE_AUTHOR,author,2806,author:2806,Posible autor duplicado por nombre o slug normalizado.,possible-author:guillermo m schrem
warning,POSSIBLE_DUPLICATE_AUTHOR,author,2855,author:2855,Posible autor duplicado por nombre o slug normalizado.,possible-author:minerva buiza
warning,POSSIBLE_DUPLICATE_AUTHOR,author,2860,author:2860,Posible autor duplicado por nombre o slug normalizado.,possible-author:minerva buiza
warning,POSSIBLE_DUPLICATE_AUTHOR,author,2962,author:2962,Posible autor duplicado por nombre o slug normalizado.,possible-author:antonio l gomez charlin
warning,POSSIBLE_DUPLICATE_AUTHOR,author,3046,author:3046,Posible autor duplicado por nombre o slug normalizado.,possible-author:jose antonio galante perez
warning,POSSIBLE_DUPLICATE_AUTHOR,author,3099,author:3099,Posible autor duplicado por nombre o slug normalizado.,possible-author:antonio lopez hurtado zarate
warning,POSSIBLE_DUPLICATE_AUTHOR,author,3141,author:3141,Posible autor duplicado por nombre o slug normalizado.,possible-author:alfredo manrique bravo
warning,POSSIBLE_DUPLICATE_AUTHOR,author,3153,author:3153,Posible autor duplicado por nombre o slug normalizado.,possible-author:guillermo m schrem
warning,POSSIBLE_DUPLICATE_AUTHOR,author,3166,author:3166,Posible autor duplicado por nombre o slug normalizado.,possible-author:jose vte carmona simarro
warning,NO_ACTUAL_BOOK_POSTS_FOUND,book,,,No se encontraron registros reales post_type=libro.,Las definiciones ACF no implican datos de libros poblados.
info,MISSING_DEDICATED_BOOK_OLD_URL,book,556,book:el valle de cristal,El candidato de libro legacy no tiene URL antigua dedicada.,https://editoriallarueca.com/autor/guillermo-m-schrem/
info,MISSING_DEDICATED_BOOK_OLD_URL,book,559,book:la salvaje,El candidato de libro legacy no tiene URL antigua dedicada.,https://editoriallarueca.com/autor/luis-gausach/
info,MISSING_DEDICATED_BOOK_OLD_URL,book,563,book:cruce de pasos,El candidato de libro legacy no tiene URL antigua dedicada.,https://editoriallarueca.com/autor/ana-cordoba-del-campo/
info,MISSING_DEDICATED_BOOK_OLD_URL,book,565,book:comer bien en casa,El candidato de libro legacy no tiene URL antigua dedicada.,https://editoriallarueca.com/autor/veronica-gomez-acebo/
info,MISSING_DEDICATED_BOOK_OLD_URL,book,568,book:cuando su mirada pasaba por halley,El candidato de libro legacy no tiene URL antigua dedicada.,https://editoriallarueca.com/autor/jaime-caba/
info,MISSING_DEDICATED_BOOK_OLD_URL,book,575,book:la trenza dorada y otros relatos para tiempos nuevos,El candidato de libro legacy no tiene URL antigua dedicada.,https://editoriallarueca.com/autor/carlos-rios-camacho/
info,MISSING_DEDICATED_BOOK_OLD_URL,book,589,book:requiem por un escritor desconocido,El candidato de libro legacy no tiene URL antigua dedicada.,https://editoriallarueca.com/autor/antonio-lorenzo-gomez-charlin/
info,MISSING_DEDICATED_BOOK_OLD_URL,book,592,book:de kolpino a krasny bor,El candidato de libro legacy no tiene URL antigua dedicada.,https://editoriallarueca.com/autor/jose-argimiro-cordobes-perez/
info,MISSING_DEDICATED_BOOK_OLD_URL,book,596,book:dile a mama que nos conocimos en el cafe tres cantones,El candidato de libro legacy no tiene URL antigua dedicada.,https://editoriallarueca.com/autor/fernando-grijalba/
info,MISSING_DEDICATED_BOOK_OLD_URL,book,598,book:campos de dispersion ascetica,El candidato de libro legacy no tiene URL antigua dedicada.,https://editoriallarueca.com/autor/fran-garcia-quinto/
info,MISSING_DEDICATED_BOOK_OLD_URL,book,601,book:teoria metaforica del bestiaro romanico proposito revolucionario la educacion sexual,El candidato de libro legacy no tiene URL antigua dedicada.,https://editoriallarueca.com/autor/francisca-martin-cano-abreu/
info,MISSING_DEDICATED_BOOK_OLD_URL,book,606,book:la vida de adonis,El candidato de libro legacy no tiene URL antigua dedicada.,https://editoriallarueca.com/autor/mauro-escobar/
info,MISSING_DEDICATED_BOOK_OLD_URL,book,609,book:el azul del mar en los mapas,El candidato de libro legacy no tiene URL antigua dedicada.,https://editoriallarueca.com/autor/karlos-de-oro/
info,MISSING_DEDICATED_BOOK_OLD_URL,book,619,book:cruce de pasos,El candidato de libro legacy no tiene URL antigua dedicada.,https://editoriallarueca.com/autor/angel-garcia-munoz/
info,MISSING_DEDICATED_BOOK_OLD_URL,book,623,book:el poder de la educacion nos hace infinitos,El candidato de libro legacy no tiene URL antigua dedicada.,https://editoriallarueca.com/autor/norberto-dominguez-jurado/
info,MISSING_DEDICATED_BOOK_OLD_URL,book,628,book:julio robles garcia compositor,El candidato de libro legacy no tiene URL antigua dedicada.,https://editoriallarueca.com/autor/maria-dolores-castellon-perez/
info,MISSING_DEDICATED_BOOK_OLD_URL,book,633,book:banquero de carlos v a emilio botin,El candidato de libro legacy no tiene URL antigua dedicada.,https://editoriallarueca.com/autor/alonso-cruz-leon/
info,MISSING_DEDICATED_BOOK_OLD_URL,book,637,book:la canteria en moralzarzal,El candidato de libro legacy no tiene URL antigua dedicada.,https://editoriallarueca.com/autor/antonio-lopez-hurtado/
info,MISSING_DEDICATED_BOOK_OLD_URL,book,640,book:el delgado hilo de la vida,El candidato de libro legacy no tiene URL antigua dedicada.,https://editoriallarueca.com/autor/jchamcri/
info,MISSING_DEDICATED_BOOK_OLD_URL,book,657,book:el joven fenix el resurgir de los dioses egipcios,El candidato de libro legacy no tiene URL antigua dedicada.,https://editoriallarueca.com/autor/marta-susana-pecaric/
info,MISSING_DEDICATED_BOOK_OLD_URL,book,663,book:tiendas y abastos en moralzarzal,El candidato de libro legacy no tiene URL antigua dedicada.,https://editoriallarueca.com/autor/antonio-lopez-hurtado-zarate/
info,MISSING_DEDICATED_BOOK_OLD_URL,book,683,book:yoga volumen 1 2 3 4 5 evolucion integral y evolucion universal,El candidato de libro legacy no tiene URL antigua dedicada.,https://editoriallarueca.com/autor/miguel-gomez-aranega/
info,MISSING_DEDICATED_BOOK_OLD_URL,book,690,book:nagasaki,El candidato de libro legacy no tiene URL antigua dedicada.,https://editoriallarueca.com/autor/antonio-l-gomez-charlin/
info,MISSING_DEDICATED_BOOK_OLD_URL,book,702,book:un ameno curso introductorio a la ecologia humana,El candidato de libro legacy no tiene URL antigua dedicada.,https://editoriallarueca.com/autor/jose-balbino-leon-quijada/
info,MISSING_DEDICATED_BOOK_OLD_URL,book,710,book:la ganaderia en moralzarzal,El candidato de libro legacy no tiene URL antigua dedicada.,https://editoriallarueca.com/autor/antonio-lopez-hurtado-zarate-2/
info,MISSING_DEDICATED_BOOK_OLD_URL,book,717,book:espejos de la realidad,El candidato de libro legacy no tiene URL antigua dedicada.,https://editoriallarueca.com/autor/juan-antonio-valero-casado/
info,MISSING_DEDICATED_BOOK_OLD_URL,book,724,book:la pulsera de la princesa yoruba,El candidato de libro legacy no tiene URL antigua dedicada.,https://editoriallarueca.com/autor/teodoro-rodriguez-martin-2/
info,MISSING_DEDICATED_BOOK_OLD_URL,book,733,book:los pensamientos olvidados,El candidato de libro legacy no tiene URL antigua dedicada.,https://editoriallarueca.com/autor/alejandro-gonzalez-garcia/
info,MISSING_DEDICATED_BOOK_OLD_URL,book,747,book:la vida sin ti,El candidato de libro legacy no tiene URL antigua dedicada.,https://editoriallarueca.com/autor/alejandro-gonzalez-garcia-2/
info,MISSING_DEDICATED_BOOK_OLD_URL,book,751,book:relatos de agua dulce,El candidato de libro legacy no tiene URL antigua dedicada.,https://editoriallarueca.com/autor/sara-ramiro/
info,MISSING_DEDICATED_BOOK_OLD_URL,book,756,book:john main apatheia nirvana,El candidato de libro legacy no tiene URL antigua dedicada.,https://editoriallarueca.com/autor/carlos-miramontes-seijas/
info,MISSING_DEDICATED_BOOK_OLD_URL,book,762,book:un siglo de ferrocarril en ecija memorias del marchenilla,El candidato de libro legacy no tiene URL antigua dedicada.,https://editoriallarueca.com/autor/rosa-laguna-boza/
info,MISSING_DEDICATED_BOOK_OLD_URL,book,765,book:going my way en 40 poemas,El candidato de libro legacy no tiene URL antigua dedicada.,https://editoriallarueca.com/autor/ignacio-luis-de-orduna-puebla/
info,MISSING_DEDICATED_BOOK_OLD_URL,book,772,book:ilogica proposicional aforemas y poerismos,El candidato de libro legacy no tiene URL antigua dedicada.,https://editoriallarueca.com/autor/richard-pazos/
info,MISSING_DEDICATED_BOOK_OLD_URL,book,778,book:thailandia el viaje que cambio el rumbo de mi vida como inverti los obstaculos y mis limitaciones en valores gracias a mi experiencia de vida y al coaching,El candidato de libro legacy no tiene URL antigua dedicada.,https://editoriallarueca.com/autor/jorge-gonzalez-gonzalez/
info,MISSING_DEDICATED_BOOK_OLD_URL,book,793,book:luna negra,El candidato de libro legacy no tiene URL antigua dedicada.,https://editoriallarueca.com/autor/tamara-chenel/
info,MISSING_DEDICATED_BOOK_OLD_URL,book,797,book:la lista de tareas de mi profe jose,El candidato de libro legacy no tiene URL antigua dedicada.,https://editoriallarueca.com/autor/carlos-jose-olmedo-batista/
info,MISSING_DEDICATED_BOOK_OLD_URL,book,802,book:biodiversidad sostenibilidad supervivencia e inmortalidad,El candidato de libro legacy no tiene URL antigua dedicada.,https://editoriallarueca.com/autor/gaspar-t-jimeno-diestro/
info,MISSING_DEDICATED_BOOK_OLD_URL,book,807,book:quieres o debes ser feliz darse cuenta de aquello que nos impide ser felices es el primer paso para ser mas feliz,El candidato de libro legacy no tiene URL antigua dedicada.,https://editoriallarueca.com/autor/gregorio-munoz-gomez/
info,MISSING_DEDICATED_BOOK_OLD_URL,book,813,book:el camino del angel la realidad de un sueno,El candidato de libro legacy no tiene URL antigua dedicada.,https://editoriallarueca.com/autor/angel-garcia-garcia-munoz-buru/
info,MISSING_DEDICATED_BOOK_OLD_URL,book,819,book:sus ojos hablaron,El candidato de libro legacy no tiene URL antigua dedicada.,https://editoriallarueca.com/autor/juan-jose-velasco-sanchez-mayoral/
info,MISSING_DEDICATED_BOOK_OLD_URL,book,835,book:diario de un comunero,El candidato de libro legacy no tiene URL antigua dedicada.,https://editoriallarueca.com/autor/jose-ignacio-miguelsanz/
info,MISSING_DEDICATED_BOOK_OLD_URL,book,868,book:amar a fondo perdido y la decision,El candidato de libro legacy no tiene URL antigua dedicada.,https://editoriallarueca.com/autor/fernando-ruiz-grijalba/
info,MISSING_DEDICATED_BOOK_OLD_URL,book,879,book:que cosas,El candidato de libro legacy no tiene URL antigua dedicada.,https://editoriallarueca.com/autor/santiago-balmaseda-ramirez-de-arellano/
info,MISSING_DEDICATED_BOOK_OLD_URL,book,882,book:no te vi venir pues jamas te hubiese dejado entrar,El candidato de libro legacy no tiene URL antigua dedicada.,https://editoriallarueca.com/autor/ana-cordoba-del-campo-2/
info,MISSING_DEDICATED_BOOK_OLD_URL,book,885,book:estampas de un pueblo andaluz 1960 1974,El candidato de libro legacy no tiene URL antigua dedicada.,https://editoriallarueca.com/autor/jesus-ezequiel-perez-dorado/
info,MISSING_DEDICATED_BOOK_OLD_URL,book,894,book:los dictadores y las mujeres adolf hitler,El candidato de libro legacy no tiene URL antigua dedicada.,https://editoriallarueca.com/autor/rosa-gomez/
info,MISSING_DEDICATED_BOOK_OLD_URL,book,904,book:poesia y whisky,El candidato de libro legacy no tiene URL antigua dedicada.,https://editoriallarueca.com/autor/jose-antonio-galante-perez/
info,MISSING_DEDICATED_BOOK_OLD_URL,book,909,book:alma en llamas,El candidato de libro legacy no tiene URL antigua dedicada.,https://editoriallarueca.com/autor/909/
info,MISSING_DEDICATED_BOOK_OLD_URL,book,915,book:tratado de la ausencia y otros relatos,El candidato de libro legacy no tiene URL antigua dedicada.,https://editoriallarueca.com/autor/juan-alberto-campoy-cervera/
info,MISSING_DEDICATED_BOOK_OLD_URL,book,921,book:el rol principal de una pelicula llamada vida,El candidato de libro legacy no tiene URL antigua dedicada.,https://editoriallarueca.com/autor/diego-gomez-costa/
info,MISSING_DEDICATED_BOOK_OLD_URL,book,926,book:la flor malva,El candidato de libro legacy no tiene URL antigua dedicada.,https://editoriallarueca.com/autor/eva-maria-riber-herraez/
info,MISSING_DEDICATED_BOOK_OLD_URL,book,932,book:leeme si te atreves,El candidato de libro legacy no tiene URL antigua dedicada.,https://editoriallarueca.com/autor/agustin-eguiluz-julia-carou-m-a-goretti-ausin-fe-pajares-y-fernando-lopez/
info,MISSING_DEDICATED_BOOK_OLD_URL,book,938,book:de los rollos del mar muerto a los de rodrigo de lares una narracion audaz para un lector mas inteligente que lerdo belmonte ano 2017 al 2022 libro 1,El candidato de libro legacy no tiene URL antigua dedicada.,https://editoriallarueca.com/autor/antonio-valdeavero-ponce/
info,MISSING_DEDICATED_BOOK_OLD_URL,book,942,book:humor y prosa de un ajedrecista,El candidato de libro legacy no tiene URL antigua dedicada.,https://editoriallarueca.com/autor/manuel-gomez-rosas/
info,MISSING_DEDICATED_BOOK_OLD_URL,book,946,book:los acorralados,El candidato de libro legacy no tiene URL antigua dedicada.,https://editoriallarueca.com/autor/fidel-vela/
info,MISSING_DEDICATED_BOOK_OLD_URL,book,954,book:diferencias de genero en la expresion conductual de la violencia,El candidato de libro legacy no tiene URL antigua dedicada.,https://editoriallarueca.com/autor/maria-isabel-herrero-de-la-torre/
info,MISSING_DEDICATED_BOOK_OLD_URL,book,957,book:encuentros campezanos,El candidato de libro legacy no tiene URL antigua dedicada.,https://editoriallarueca.com/autor/jose-antonio-rodrigo-alonso/
info,MISSING_DEDICATED_BOOK_OLD_URL,book,963,book:al otro lado del rio,El candidato de libro legacy no tiene URL antigua dedicada.,https://editoriallarueca.com/autor/ana-ortega-romanillos/
info,MISSING_DEDICATED_BOOK_OLD_URL,book,969,book:el maestro de salamanca consideracion del derecho internacional humanitario,El candidato de libro legacy no tiene URL antigua dedicada.,https://editoriallarueca.com/autor/juana-hernandez-conesa/
info,MISSING_DEDICATED_BOOK_OLD_URL,book,978,book:santa cruz de posguerra conversaciones en blanco y negro,El candidato de libro legacy no tiene URL antigua dedicada.,https://editoriallarueca.com/autor/rafael-lopez-ruz/
info,MISSING_DEDICATED_BOOK_OLD_URL,book,990,book:detras de la corteza,El candidato de libro legacy no tiene URL antigua dedicada.,https://editoriallarueca.com/autor/jeronimo-campoy-munoz/
info,MISSING_DEDICATED_BOOK_OLD_URL,book,1002,book:quiero estar contigo,El candidato de libro legacy no tiene URL antigua dedicada.,https://editoriallarueca.com/autor/patricia-dominguez-martinez/
info,MISSING_DEDICATED_BOOK_OLD_URL,book,1007,book:entre realidades y suenos,El candidato de libro legacy no tiene URL antigua dedicada.,https://editoriallarueca.com/autor/benedicto-cuervo-alvarez/
info,MISSING_DEDICATED_BOOK_OLD_URL,book,1012,book:falsas esperanzas,El candidato de libro legacy no tiene URL antigua dedicada.,https://editoriallarueca.com/autor/miguel-angel-guemes-perez/
info,MISSING_DEDICATED_BOOK_OLD_URL,book,1017,book:perdoname por los poemas que te escribi,El candidato de libro legacy no tiene URL antigua dedicada.,https://editoriallarueca.com/autor/jose-vte-carmona-simarro/
info,MISSING_DEDICATED_BOOK_OLD_URL,book,1024,book:el panuelo de marino,El candidato de libro legacy no tiene URL antigua dedicada.,https://editoriallarueca.com/autor/anta-pemyne/
info,MISSING_DEDICATED_BOOK_OLD_URL,book,1029,book:el rumor de la marea,El candidato de libro legacy no tiene URL antigua dedicada.,https://editoriallarueca.com/autor/guillermo-m-schrem-2/
info,MISSING_DEDICATED_BOOK_OLD_URL,book,1034,book:el viaje aventurero de nico,El candidato de libro legacy no tiene URL antigua dedicada.,https://editoriallarueca.com/autor/niklas-hofinger/
info,MISSING_DEDICATED_BOOK_OLD_URL,book,1040,book:pollos en la memoria,El candidato de libro legacy no tiene URL antigua dedicada.,https://editoriallarueca.com/autor/julio-sanchez-alonso/
info,MISSING_DEDICATED_BOOK_OLD_URL,book,1046,book:matame de frente,El candidato de libro legacy no tiene URL antigua dedicada.,https://editoriallarueca.com/autor/claudio-vilches-maturana-y-felipe-olivares-leon/
info,MISSING_DEDICATED_BOOK_OLD_URL,book,1052,book:de juan a juan el musical el libreto y un relato,El candidato de libro legacy no tiene URL antigua dedicada.,https://editoriallarueca.com/autor/ricardo-rodriguez-lopez/
info,MISSING_DEDICATED_BOOK_OLD_URL,book,1057,book:daemon lilith,El candidato de libro legacy no tiene URL antigua dedicada.,https://editoriallarueca.com/autor/manuel-fernandez-miranda/
info,MISSING_DEDICATED_BOOK_OLD_URL,book,1062,book:letargo,El candidato de libro legacy no tiene URL antigua dedicada.,https://editoriallarueca.com/autor/santiago-j-miranda-jovellar/
info,MISSING_DEDICATED_BOOK_OLD_URL,book,1069,book:la barca del portugues,El candidato de libro legacy no tiene URL antigua dedicada.,https://editoriallarueca.com/autor/jose-luis-mozo-gayo/
info,MISSING_DEDICATED_BOOK_OLD_URL,book,1073,book:de estrellas gaviotas y poemas,El candidato de libro legacy no tiene URL antigua dedicada.,https://editoriallarueca.com/autor/paco-daza-selma/
info,MISSING_DEDICATED_BOOK_OLD_URL,book,1078,book:y la vida sigue,El candidato de libro legacy no tiene URL antigua dedicada.,https://editoriallarueca.com/autor/dolores-benito-arroyo/
info,MISSING_DEDICATED_BOOK_OLD_URL,book,1084,book:una inolvidable noche de futbol en la pared,El candidato de libro legacy no tiene URL antigua dedicada.,https://editoriallarueca.com/autor/luis-marcelo-carboni/
info,MISSING_DEDICATED_BOOK_OLD_URL,book,1088,book:en la recta final,El candidato de libro legacy no tiene URL antigua dedicada.,https://editoriallarueca.com/autor/alfredo-manrique-bravo/
info,MISSING_DEDICATED_BOOK_OLD_URL,book,1094,book:duns scoto versus tomas de aquino la debilidad del neocalcedonismo tomista,El candidato de libro legacy no tiene URL antigua dedicada.,https://editoriallarueca.com/autor/marcelino-valino-vidal/
info,MISSING_DEDICATED_BOOK_OLD_URL,book,1099,book:placa blanca dignidad sobre el pecho,El candidato de libro legacy no tiene URL antigua dedicada.,https://editoriallarueca.com/autor/jose-antonio-munoz-fananas/
info,MISSING_DEDICATED_BOOK_OLD_URL,book,1108,book:la vida de adonis la impunidad,El candidato de libro legacy no tiene URL antigua dedicada.,https://editoriallarueca.com/autor/mauro/
info,MISSING_DEDICATED_BOOK_OLD_URL,book,1113,book:el perfume de las emociones,El candidato de libro legacy no tiene URL antigua dedicada.,https://editoriallarueca.com/autor/luz-stella/
info,MISSING_DEDICATED_BOOK_OLD_URL,book,1121,book:entrevistas,El candidato de libro legacy no tiene URL antigua dedicada.,https://editoriallarueca.com/autor/maria-dolores-castellon-perez-2/
info,MISSING_DEDICATED_BOOK_OLD_URL,book,1131,book:humor prosa y una jugadora,El candidato de libro legacy no tiene URL antigua dedicada.,https://editoriallarueca.com/autor/manuel-gomez-rosas-2/
info,MISSING_DEDICATED_BOOK_OLD_URL,book,1136,book:ligero como la brisa,El candidato de libro legacy no tiene URL antigua dedicada.,https://editoriallarueca.com/autor/guillermo-martinez-schrem/
info,MISSING_DEDICATED_BOOK_OLD_URL,book,1161,book:prestoses xaranes de folixes y xordes nel conceyu de mieres,El candidato de libro legacy no tiene URL antigua dedicada.,https://editoriallarueca.com/autor/concha-magdalena-garcia/
info,MISSING_DEDICATED_BOOK_OLD_URL,book,1167,book:de barro y silencio,El candidato de libro legacy no tiene URL antigua dedicada.,https://editoriallarueca.com/autor/francisco-marin-vargas/
info,MISSING_DEDICATED_BOOK_OLD_URL,book,1172,book:apuesta personal,El candidato de libro legacy no tiene URL antigua dedicada.,https://editoriallarueca.com/autor/inaki-azkona/
info,MISSING_DEDICATED_BOOK_OLD_URL,book,1177,book:la muerte de adonis los impunes,El candidato de libro legacy no tiene URL antigua dedicada.,https://editoriallarueca.com/autor/mauro-escobar-parada/
info,MISSING_DEDICATED_BOOK_OLD_URL,book,1182,book:el poder de la magia de la comunicacion,El candidato de libro legacy no tiene URL antigua dedicada.,https://editoriallarueca.com/autor/inaki-dominguez-ledo/
info,MISSING_DEDICATED_BOOK_OLD_URL,book,1187,book:la inteligencia artificial en educacion fisica,El candidato de libro legacy no tiene URL antigua dedicada.,https://editoriallarueca.com/autor/norberto-dominguez-jurado-y-maria-isabel-martin-aranda/
info,MISSING_DEDICATED_BOOK_OLD_URL,book,1194,book:inteligencia artificial en educacion fisica,El candidato de libro legacy no tiene URL antigua dedicada.,https://editoriallarueca.com/autor/maria-isabel-martin-aranda/
info,MISSING_DEDICATED_BOOK_OLD_URL,book,1198,book:sutiles percepciones de una realidad,El candidato de libro legacy no tiene URL antigua dedicada.,https://editoriallarueca.com/autor/rosario-real-calama/
info,MISSING_DEDICATED_BOOK_OLD_URL,book,1204,book:amaremos en libertad,El candidato de libro legacy no tiene URL antigua dedicada.,https://editoriallarueca.com/autor/andres-pinar-godoy/
info,MISSING_DEDICATED_BOOK_OLD_URL,book,1209,book:esferas temporales aforismos meditaciones y otros escritos breve recopilacion,El candidato de libro legacy no tiene URL antigua dedicada.,https://editoriallarueca.com/autor/francisco-marin-vargas-2/
info,MISSING_DEDICATED_BOOK_OLD_URL,book,1214,book:la sombra del azar,El candidato de libro legacy no tiene URL antigua dedicada.,https://editoriallarueca.com/autor/patxi-oyaga/
info,MISSING_DEDICATED_BOOK_OLD_URL,book,1219,book:al final de la escapada memoria personal 1951 2011,El candidato de libro legacy no tiene URL antigua dedicada.,https://editoriallarueca.com/autor/julio-sanchez-alonso-2/
info,MISSING_DEDICATED_BOOK_OLD_URL,book,1230,book:estasimo,El candidato de libro legacy no tiene URL antigua dedicada.,https://editoriallarueca.com/autor/guillermo-m-schrem-3/
info,MISSING_DEDICATED_BOOK_OLD_URL,book,1235,book:haikus en el camino,El candidato de libro legacy no tiene URL antigua dedicada.,https://editoriallarueca.com/autor/jose-antonio-galante-perez-2/
info,MISSING_DEDICATED_BOOK_OLD_URL,book,1246,book:la ruta de las mariposas,El candidato de libro legacy no tiene URL antigua dedicada.,https://editoriallarueca.com/autor/elga-reategui/
info,MISSING_DEDICATED_BOOK_OLD_URL,book,1256,book:versos de madrugada con sentido,El candidato de libro legacy no tiene URL antigua dedicada.,https://editoriallarueca.com/autor/angel-garcia-garcia-munoz-buru-2/
info,MISSING_DEDICATED_BOOK_OLD_URL,book,1302,book:cuentos para amara la nieve y amara toca el tambor,El candidato de libro legacy no tiene URL antigua dedicada.,https://editoriallarueca.com/autor/francisco-marin-vargas-3/
info,MISSING_DEDICATED_BOOK_OLD_URL,book,1313,book:beretricce el palacio velado,El candidato de libro legacy no tiene URL antigua dedicada.,https://editoriallarueca.com/autor/melchor-albrig/
info,MISSING_DEDICATED_BOOK_OLD_URL,book,1325,book:el cierzo tatuado,El candidato de libro legacy no tiene URL antigua dedicada.,https://editoriallarueca.com/autor/jose-antonio-galante-perez-3/
info,MISSING_DEDICATED_BOOK_OLD_URL,book,1341,book:quedamos para despedirnos pero ella no lo sabia pensamientos en un pequeno relato sobre la amistad,El candidato de libro legacy no tiene URL antigua dedicada.,https://editoriallarueca.com/autor/jose-vte-carmona-simarro-editorial_la_rueca/
info,MISSING_DEDICATED_BOOK_OLD_URL,book,1348,book:cuentos para amara dona bota la burbuja de mar,El candidato de libro legacy no tiene URL antigua dedicada.,https://editoriallarueca.com/autor/francisco-marin-vargas-4/
info,MISSING_DEDICATED_BOOK_OLD_URL,book,1358,book:oraculo de la fe el camino del alma,El candidato de libro legacy no tiene URL antigua dedicada.,https://editoriallarueca.com/autor/minerva-buiza/
info,MISSING_DEDICATED_BOOK_OLD_URL,book,1361,book:voces del alma el arte de escuchar a traves del tarot,El candidato de libro legacy no tiene URL antigua dedicada.,https://editoriallarueca.com/autor/minerva-buiza-2/
info,MISSING_DEDICATED_BOOK_OLD_URL,book,1365,book:nido de barro haikus,El candidato de libro legacy no tiene URL antigua dedicada.,https://editoriallarueca.com/autor/francisco-marin-vargas-5/
info,MISSING_DEDICATED_BOOK_OLD_URL,book,1367,book:con su permiso don alvaro historias de viso del marques,El candidato de libro legacy no tiene URL antigua dedicada.,https://editoriallarueca.com/autor/andres-morales-y-ana-cordoba-del-campo/
info,MISSING_DEDICATED_BOOK_OLD_URL,book,1376,book:r,El candidato de libro legacy no tiene URL antigua dedicada.,https://editoriallarueca.com/autor/maria-isabel-martinez-gilaranz/
info,MISSING_DEDICATED_BOOK_OLD_URL,book,1392,book:el canto de las raices cartografias del ser y existir,El candidato de libro legacy no tiene URL antigua dedicada.,https://editoriallarueca.com/autor/ines-canal/
info,MISSING_DEDICATED_BOOK_OLD_URL,book,1422,book:zoografias,El candidato de libro legacy no tiene URL antigua dedicada.,https://editoriallarueca.com/autor/guillermo-m-schrem-4/
info,MISSING_DEDICATED_BOOK_OLD_URL,book,1431,book:cartas a diego reflexiones sobre un nacimiento,El candidato de libro legacy no tiene URL antigua dedicada.,https://editoriallarueca.com/autor/francisco-marin-vargas-6/
info,MISSING_DEDICATED_BOOK_OLD_URL,book,1435,book:amor amor,El candidato de libro legacy no tiene URL antigua dedicada.,https://editoriallarueca.com/autor/eduardo-ariguel-boluda/
info,MISSING_DEDICATED_BOOK_OLD_URL,book,1454,book:rodrigo se fue a otro lugar,El candidato de libro legacy no tiene URL antigua dedicada.,https://editoriallarueca.com/autor/daniela-corao-y-barbara-mila/
info,MISSING_DEDICATED_BOOK_OLD_URL,book,1457,book:una escuela de musica,El candidato de libro legacy no tiene URL antigua dedicada.,https://editoriallarueca.com/autor/juan-jose-velasco-sanchez-mayoral-2/
info,MISSING_DEDICATED_BOOK_OLD_URL,book,1473,book:la ultima carta,El candidato de libro legacy no tiene URL antigua dedicada.,https://editoriallarueca.com/autor/alonso-cruz-leon-2/
info,MISSING_DEDICATED_BOOK_OLD_URL,book,1483,book:arcanum la tora de minerva,El candidato de libro legacy no tiene URL antigua dedicada.,https://editoriallarueca.com/autor/minerva-buiza-3/
info,MISSING_DEDICATED_BOOK_OLD_URL,book,1518,book:de origine nostra fatum nostrum,El candidato de libro legacy no tiene URL antigua dedicada.,https://editoriallarueca.com/autor/raimundo-del-valle/
info,MISSING_DEDICATED_BOOK_OLD_URL,book,1526,book:estrategias educativas a traves del teatro musical experiencias y propuesta metodologica del taller de musicales volumen 1 seleccion de titulos para el aula analisis cinematografico y escenico,El candidato de libro legacy no tiene URL antigua dedicada.,https://editoriallarueca.com/autor/sara-sanchez-prieto/
info,MISSING_DEDICATED_BOOK_OLD_URL,book,1539,book:dias de galerna,El candidato de libro legacy no tiene URL antigua dedicada.,https://editoriallarueca.com/autor/rodrigo-vazquez/
info,MISSING_DEDICATED_BOOK_OLD_URL,book,1548,book:monedas del corazon,El candidato de libro legacy no tiene URL antigua dedicada.,https://editoriallarueca.com/autor/jesus-adame-ardila/
info,MISSING_DEDICATED_BOOK_OLD_URL,book,1560,book:famosa gabardina azul,El candidato de libro legacy no tiene URL antigua dedicada.,https://editoriallarueca.com/autor/guillermo-martinez-schrem-2/
info,MISSING_DEDICATED_BOOK_OLD_URL,book,1569,book:el poderoso sir tristan en la saga del prince valiant 1937 1971 de harold foster la apoteosis medieval de un arte contemporaneo,El candidato de libro legacy no tiene URL antigua dedicada.,https://editoriallarueca.com/autor/jose-carlos-rios-camacho/
info,MISSING_DEDICATED_BOOK_OLD_URL,book,1578,book:la lista de tareas de mi profe jose,El candidato de libro legacy no tiene URL antigua dedicada.,https://editoriallarueca.com/autor/carlos-jose-olmedo-batista-2/
info,MISSING_DEDICATED_BOOK_OLD_URL,book,1585,book:christus verbo y verso segun un posadero,El candidato de libro legacy no tiene URL antigua dedicada.,https://editoriallarueca.com/autor/ignacio-luis-de-orduna-puebla-2/
info,MISSING_DEDICATED_BOOK_OLD_URL,book,1602,book:el valor de la amistad un viaje al pais de las nubes,El candidato de libro legacy no tiene URL antigua dedicada.,https://editoriallarueca.com/autor/mari-carmen-gordillo-gonzalez/
info,MISSING_DEDICATED_BOOK_OLD_URL,book,1614,book:planes enlazados,El candidato de libro legacy no tiene URL antigua dedicada.,https://editoriallarueca.com/autor/maria-paredes/
info,MISSING_DEDICATED_BOOK_OLD_URL,book,1616,book:mariposas en el jardin,El candidato de libro legacy no tiene URL antigua dedicada.,https://editoriallarueca.com/autor/sandra-sepulveda-lopez/
info,MISSING_DEDICATED_BOOK_OLD_URL,book,1633,book:metodo sah g maes 36 caminos de curacion para la mente el cuerpo y el espiritual,El candidato de libro legacy no tiene URL antigua dedicada.,https://editoriallarueca.com/autor/malva-luz/
info,MISSING_DEDICATED_BOOK_OLD_URL,book,1644,book:el musical como vehiculo de aprendizaje,El candidato de libro legacy no tiene URL antigua dedicada.,https://editoriallarueca.com/autor/sara-sanchez-prieto-2/
info,MISSING_DEDICATED_BOOK_OLD_URL,book,1649,book:entre lineas reflejos de un tiempo convulso,El candidato de libro legacy no tiene URL antigua dedicada.,https://editoriallarueca.com/autor/juan-antonio-valero-casado-2/
info,MISSING_DEDICATED_BOOK_OLD_URL,book,1681,book:pajaro en el alambre,El candidato de libro legacy no tiene URL antigua dedicada.,https://editoriallarueca.com/autor/guillermo-martinez-schrem-3/
info,MISSING_DEDICATED_BOOK_OLD_URL,book,1686,book:de los rollos del mar muerto a los de rodrigo de lares tomo 2,El candidato de libro legacy no tiene URL antigua dedicada.,https://editoriallarueca.com/autor/antonio-valdeavero-ponce-2/
info,MISSING_DEDICATED_BOOK_OLD_URL,book,1712,book:otros oficios en moralzarzal,El candidato de libro legacy no tiene URL antigua dedicada.,https://editoriallarueca.com/autor/antonio-lopez-hurtado-zarate-3/
info,MISSING_DEDICATED_BOOK_OLD_URL,book,1722,book:libero mi alma con 131 angeles,El candidato de libro legacy no tiene URL antigua dedicada.,https://editoriallarueca.com/autor/javier-galvan-macarron/
info,MISSING_DEDICATED_BOOK_OLD_URL,book,1730,book:monasterio de san lorenzo de el escorial una visita interior,El candidato de libro legacy no tiene URL antigua dedicada.,https://editoriallarueca.com/autor/santiago-javier-garcia-gonzalez/
info,MISSING_DEDICATED_BOOK_OLD_URL,book,1744,book:compendio sobre los ejercicios y el arte militar reunido en tres libros,El candidato de libro legacy no tiene URL antigua dedicada.,https://editoriallarueca.com/autor/elena-miramontes-seijas/
info,MISSING_DEDICATED_BOOK_OLD_URL,book,1750,book:el dolor de un alma sin memoria,El candidato de libro legacy no tiene URL antigua dedicada.,https://editoriallarueca.com/autor/diego-gomez-costa-2/
info,MISSING_DEDICATED_BOOK_OLD_URL,book,1780,book:mano a mano,El candidato de libro legacy no tiene URL antigua dedicada.,https://editoriallarueca.com/autor/guillermo-m-schrem-5/
info,MISSING_DEDICATED_BOOK_OLD_URL,book,1787,book:perderse encontrarse despertar,El candidato de libro legacy no tiene URL antigua dedicada.,https://editoriallarueca.com/autor/marina-alejandra-dominguez/
info,MISSING_DEDICATED_BOOK_OLD_URL,book,1798,book:los mejores cortos de gomez rosas cualquier parecido con la realidad es pura coincidencia,El candidato de libro legacy no tiene URL antigua dedicada.,https://editoriallarueca.com/autor/manuel-gomez-rosas-3/
info,MISSING_DEDICATED_BOOK_OLD_URL,book,1821,book:evocacion y sucesos de dolores la tuerta una historia del mundo rural,El candidato de libro legacy no tiene URL antigua dedicada.,https://editoriallarueca.com/autor/jose-herruzo-orejuela/
info,MISSING_DEDICATED_BOOK_OLD_URL,book,1834,book:azul,El candidato de libro legacy no tiene URL antigua dedicada.,https://editoriallarueca.com/autor/jose-vte-carmona-simarro-2/
info,MISSING_DEDICATED_BOOK_OLD_URL,book,1851,book:memorias de opera,El candidato de libro legacy no tiene URL antigua dedicada.,https://editoriallarueca.com/autor/piero-poggialini/
info,MISSING_DEDICATED_BOOK_OLD_URL,book,1858,book:descartes y su duda hiperbolica,El candidato de libro legacy no tiene URL antigua dedicada.,https://editoriallarueca.com/autor/alonso-cruz-leon-3/
info,MISSING_DEDICATED_BOOK_OLD_URL,book,1863,book:ilusiones,El candidato de libro legacy no tiene URL antigua dedicada.,https://editoriallarueca.com/autor/juan-jose-velasco-sanchez-mayoral-3/
info,MISSING_DEDICATED_BOOK_OLD_URL,book,1866,book:cartas a un hombre,El candidato de libro legacy no tiene URL antigua dedicada.,https://editoriallarueca.com/autor/rosa-maria-escudero/
info,MISSING_DEDICATED_BOOK_OLD_URL,book,1881,book:el pueblo judio legado y nexo con judea una historia milenaria,El candidato de libro legacy no tiene URL antigua dedicada.,https://editoriallarueca.com/autor/diego-gomez-costa-3/
info,MISSING_DEDICATED_BOOK_OLD_URL,book,1893,book:fuerteventura luz y silencios,El candidato de libro legacy no tiene URL antigua dedicada.,https://editoriallarueca.com/autor/antonio-olmedo-manzanares/
info,MISSING_DEDICATED_BOOK_OLD_URL,book,1902,book:ndong el jubilado,El candidato de libro legacy no tiene URL antigua dedicada.,https://editoriallarueca.com/autor/manuel-ondo-ndong/
info,MISSING_DEDICATED_BOOK_OLD_URL,book,1917,book:analisis de errores morfosintacticos en un aula de espanol le el caso del grupo de estudiantes del nivel b2 de secundaria en guinea ecuatorial al expresarse por escrito en espanol,El candidato de libro legacy no tiene URL antigua dedicada.,https://editoriallarueca.com/autor/manuel-ondo-ndong-2/
info,MISSING_DEDICATED_BOOK_OLD_URL,book,1932,book:confesiones verdaderas de un verdadero cascarrabias,El candidato de libro legacy no tiene URL antigua dedicada.,https://editoriallarueca.com/autor/francisco-r-breijo-marquez/
info,MISSING_DEDICATED_BOOK_OLD_URL,book,1947,book:gris mas bien plomo,El candidato de libro legacy no tiene URL antigua dedicada.,https://editoriallarueca.com/autor/elga-reategui-2/
info,MISSING_DEDICATED_BOOK_OLD_URL,book,1953,book:el joven clonado,El candidato de libro legacy no tiene URL antigua dedicada.,https://editoriallarueca.com/autor/luis-gausachs-pont/
info,MISSING_DEDICATED_BOOK_OLD_URL,book,2089,book:viajando ligero,El candidato de libro legacy no tiene URL antigua dedicada.,https://editoriallarueca.com/autor/guillermo-m-schrem-6/
